timestamp,round,pid_alive,vmrss_kb,vmvirt_kb,cpu_percent
2026-04-15T17:09:15,0,True,2940,27372,
2026-04-15T17:09:16,1,True,2960,101104,0.0
2026-04-15T17:09:17,1,True,2960,101104,0.0
2026-04-15T17:09:18,1,True,2960,101104,0.0
2026-04-15T17:09:19,2,True,2972,174836,0.0
2026-04-15T17:09:20,2,True,2972,174836,0.0
2026-04-15T17:09:21,2,True,2972,174836,0.0
2026-04-15T17:09:22,2,True,2972,174836,0.0
2026-04-15T17:09:23,3,True,2992,248568,1.0
2026-04-15T17:09:24,3,True,2992,248568,0.0
2026-04-15T17:09:25,3,True,2992,248568,0.0
2026-04-15T17:09:26,4,True,3012,322300,1.0
2026-04-15T17:09:27,4,True,3012,322300,0.0
2026-04-15T17:09:28,4,True,3012,322300,0.0
2026-04-15T17:09:29,4,True,3012,322300,0.0
2026-04-15T17:09:30,5,True,3036,396032,0.0
2026-04-15T17:09:31,5,True,3036,396032,0.0
2026-04-15T17:09:32,5,True,3036,396032,0.0
2026-04-15T17:09:33,6,True,3056,469764,0.0
2026-04-15T17:09:34,6,True,3056,469764,0.0
2026-04-15T17:09:35,6,True,3056,469764,0.0
2026-04-15T17:09:36,6,True,3056,469764,0.0
2026-04-15T17:09:37,7,True,3076,543496,0.0
2026-04-15T17:09:38,7,True,3076,543496,0.0
2026-04-15T17:09:39,7,True,3076,543496,0.0
2026-04-15T17:09:40,8,True,3096,617228,0.0
2026-04-15T17:09:41,8,True,3096,617228,0.0
2026-04-15T17:09:42,8,True,3096,617228,0.0
2026-04-15T17:09:43,8,True,3096,617228,0.0
2026-04-15T17:09:44,9,True,3116,690960,0.0
2026-04-15T17:09:45,9,True,3116,690960,0.0
2026-04-15T17:09:46,9,True,3116,690960,0.0
2026-04-15T17:09:47,10,True,3132,764692,0.0
2026-04-15T17:09:48,10,True,3132,764692,0.0
2026-04-15T17:09:49,10,True,3132,764692,0.0
2026-04-15T17:09:50,10,True,3132,764692,0.0
2026-04-15T17:09:51,11,True,3152,838424,0.0
2026-04-15T17:09:52,11,True,3152,838424,0.0
2026-04-15T17:09:53,11,True,3152,838424,0.0
2026-04-15T17:09:54,12,True,3152,838424,0.0
2026-04-15T17:09:55,13,True,3164,912156,1.0
2026-04-15T17:09:56,13,True,3164,912156,0.0
2026-04-15T17:09:57,13,True,3164,912156,0.0
2026-04-15T17:09:58,14,True,3176,985888,0.0
2026-04-15T17:09:59,14,True,3176,985888,0.0
2026-04-15T17:10:00,14,True,3176,985888,0.0
2026-04-15T17:10:01,14,True,3176,985888,0.0
2026-04-15T17:10:02,15,True,3196,1059620,0.0
2026-04-15T17:10:03,15,True,3196,1059620,0.0
2026-04-15T17:10:04,15,True,3196,1059620,0.0
2026-04-15T17:10:05,16,True,3212,1133352,0.0
2026-04-15T17:10:06,16,True,3212,1133352,0.0
2026-04-15T17:10:07,16,True,3212,1133352,0.0
2026-04-15T17:10:08,16,True,3212,1133352,0.0
2026-04-15T17:10:09,17,True,3212,1133352,0.0
2026-04-15T17:10:10,17,True,3212,1133352,0.0
2026-04-15T17:10:11,17,True,3212,1133352,0.0
2026-04-15T17:10:12,18,True,3212,1133352,0.0
2026-04-15T17:10:13,18,True,3212,1133352,0.0
2026-04-15T17:10:14,18,True,3212,1133352,0.0
2026-04-15T17:10:15,18,True,3756,1199072,1.0
2026-04-15T17:10:16,19,True,3768,1207268,0.0
2026-04-15T17:10:17,19,True,3768,1207268,0.0
2026-04-15T17:10:18,19,True,3768,1207268,0.0
2026-04-15T17:10:19,20,True,3768,1207268,0.0
2026-04-15T17:10:20,20,True,3768,1207268,0.0
2026-04-15T17:10:21,20,True,3768,1207268,0.0
2026-04-15T17:10:22,20,True,3768,1207268,0.0
2026-04-15T17:10:23,22,True,3784,1215464,0.0
2026-04-15T17:10:24,22,True,3784,1215464,0.0
2026-04-15T17:10:25,22,True,3784,1215464,0.0
2026-04-15T17:10:26,22,True,3784,1215464,0.0
2026-04-15T17:10:27,23,True,3796,1223660,1.0
2026-04-15T17:10:28,23,True,3796,1223660,0.0
2026-04-15T17:10:29,23,True,3796,1223660,0.0
2026-04-15T17:10:30,24,True,3804,1231856,0.0
2026-04-15T17:10:31,24,True,3804,1231856,0.0
2026-04-15T17:10:32,24,True,3804,1231856,0.0
2026-04-15T17:10:33,24,True,3804,1231856,0.0
2026-04-15T17:10:34,25,True,3816,1240052,1.0
2026-04-15T17:10:35,25,True,3816,1240052,0.0
2026-04-15T17:10:36,25,True,3816,1240052,0.0
2026-04-15T17:10:37,26,True,3828,1248248,0.0
2026-04-15T17:10:38,26,True,3828,1248248,0.0
2026-04-15T17:10:39,26,True,3828,1248248,0.0
2026-04-15T17:10:40,26,True,3828,1248248,0.0
2026-04-15T17:10:41,27,True,3836,1256444,0.0
2026-04-15T17:10:42,27,True,3836,1256444,0.0
2026-04-15T17:10:43,27,True,3836,1256444,0.0
2026-04-15T17:10:44,28,True,3852,1264640,0.0
2026-04-15T17:10:45,28,True,3852,1264640,0.0
2026-04-15T17:10:46,28,True,3852,1264640,0.0
2026-04-15T17:10:47,28,True,3852,1264640,0.0
2026-04-15T17:10:48,29,True,3852,1264640,0.0
2026-04-15T17:10:49,29,True,3852,1264640,0.0
2026-04-15T17:10:50,29,True,3852,1264640,0.0
2026-04-15T17:10:51,30,True,3864,1272836,0.0
2026-04-15T17:10:52,30,True,3864,1272836,0.0
2026-04-15T17:10:53,30,True,3864,1272836,0.0
2026-04-15T17:10:54,30,True,3864,1272836,0.0
2026-04-15T17:10:55,30,True,3864,1272836,0.0
2026-04-15T17:10:56,30,True,3864,1272836,0.0
2026-04-15T17:10:57,30,True,3864,1272836,0.0
2026-04-15T17:10:58,30,True,3864,1272836,1.0
2026-04-15T17:10:59,30,True,3864,1272836,0.0
2026-04-15T17:11:00,30,True,3864,1272836,0.0
2026-04-15T17:11:01,30,True,3864,1272836,0.0
2026-04-15T17:11:02,30,True,3864,1272836,0.0
2026-04-15T17:11:03,30,True,3864,1272836,0.0
2026-04-15T17:11:04,31,True,3872,1281032,0.0
2026-04-15T17:11:05,31,True,3872,1281032,0.0
2026-04-15T17:11:06,31,True,3872,1281032,0.0
2026-04-15T17:11:07,32,True,3872,1281032,0.0
2026-04-15T17:11:08,32,True,3872,1281032,0.0
2026-04-15T17:11:09,32,True,3872,1281032,0.0
2026-04-15T17:11:10,32,True,3872,1281032,0.0
2026-04-15T17:11:11,33,True,3872,1281032,0.0
2026-04-15T17:11:12,33,True,3872,1281032,0.0
2026-04-15T17:11:13,33,True,3872,1281032,0.0
2026-04-15T17:11:14,34,True,3872,1281032,0.0
2026-04-15T17:11:15,34,True,3872,1281032,0.0
2026-04-15T17:11:16,34,True,3872,1281032,0.0
2026-04-15T17:11:17,34,True,3872,1281032,0.0
2026-04-15T17:11:18,35,True,3888,1289228,0.0
2026-04-15T17:11:19,35,True,3888,1289228,0.0
2026-04-15T17:11:20,35,True,3888,1289228,0.0
2026-04-15T17:11:21,36,True,3888,1289228,0.0
2026-04-15T17:11:22,36,True,3888,1289228,0.0
2026-04-15T17:11:23,36,True,3888,1289228,0.0
2026-04-15T17:11:24,36,True,3888,1289228,0.0
2026-04-15T17:11:25,37,True,3900,1297424,1.0
2026-04-15T17:11:26,37,True,3900,1297424,0.0
2026-04-15T17:11:27,37,True,3900,1297424,0.0
2026-04-15T17:11:28,38,True,3916,1305620,0.0
2026-04-15T17:11:29,38,True,3916,1305620,0.0
2026-04-15T17:11:30,38,True,3916,1305620,0.0
2026-04-15T17:11:31,38,True,3916,1305620,0.0
2026-04-15T17:11:32,39,True,3916,1305620,0.0
2026-04-15T17:11:33,39,True,3916,1305620,0.0
2026-04-15T17:11:34,39,True,3916,1305620,0.0
2026-04-15T17:11:35,40,True,3928,1313816,0.0
2026-04-15T17:11:36,40,True,3928,1313816,0.0
2026-04-15T17:11:37,40,True,3928,1313816,0.0
2026-04-15T17:11:38,40,True,3928,1313816,0.0
2026-04-15T17:11:39,41,True,3940,1322012,0.0
2026-04-15T17:11:41,41,True,3940,1322012,0.0
2026-04-15T17:11:42,41,True,3940,1322012,0.0
2026-04-15T17:11:43,42,True,3940,1322012,0.0
2026-04-15T17:11:44,42,True,3940,1322012,0.0
2026-04-15T17:11:45,42,True,3940,1322012,1.0
2026-04-15T17:11:46,42,True,3940,1322012,0.0
2026-04-15T17:11:47,43,True,3952,1330208,0.0
2026-04-15T17:11:48,43,True,3952,1330208,0.0
2026-04-15T17:11:49,43,True,3952,1330208,0.0
2026-04-15T17:11:50,43,True,3952,1330208,0.0
2026-04-15T17:11:51,44,True,3952,1330208,0.0
2026-04-15T17:11:52,44,True,3952,1330208,0.0
2026-04-15T17:11:53,44,True,3952,1330208,0.0
2026-04-15T17:11:54,45,True,3968,1338404,0.0
2026-04-15T17:11:55,45,True,3968,1338404,0.0
2026-04-15T17:11:56,45,True,3968,1338404,0.0
2026-04-15T17:11:57,45,True,3968,1338404,0.0
2026-04-15T17:11:58,46,True,3968,1338404,0.0
2026-04-15T17:11:59,46,True,3968,1338404,0.0
2026-04-15T17:12:00,46,True,3968,1338404,0.0
2026-04-15T17:12:01,47,True,3968,1338404,1.0
2026-04-15T17:12:02,47,True,3968,1338404,0.0
2026-04-15T17:12:03,47,True,3968,1338404,0.0
2026-04-15T17:12:04,47,True,3968,1338404,0.0
2026-04-15T17:12:05,48,True,3968,1338404,0.0
2026-04-15T17:12:06,48,True,3968,1338404,0.0
2026-04-15T17:12:07,48,True,3968,1338404,0.0
2026-04-15T17:12:08,49,True,3968,1338404,0.0
2026-04-15T17:12:09,49,True,3968,1338404,0.0
2026-04-15T17:12:10,49,True,3968,1338404,0.0
2026-04-15T17:12:11,49,True,3968,1338404,0.0
2026-04-15T17:12:12,50,True,3968,1338404,0.0
2026-04-15T17:12:13,50,True,3968,1338404,0.0
2026-04-15T17:12:14,50,True,3968,1338404,0.0
2026-04-15T17:12:15,50,True,3968,1338404,0.0
2026-04-15T17:12:16,50,True,3968,1338404,0.0
2026-04-15T17:12:17,50,True,3968,1338404,0.0
2026-04-15T17:12:18,50,True,3968,1338404,0.0
2026-04-15T17:12:19,50,True,3968,1338404,0.0
2026-04-15T17:12:20,50,True,3968,1338404,0.0
2026-04-15T17:12:21,51,True,3968,1338404,0.0
2026-04-15T17:12:22,52,True,3984,1346600,1.0
2026-04-15T17:12:23,52,True,3984,1346600,0.0
2026-04-15T17:12:24,52,True,3984,1346600,0.0
2026-04-15T17:12:25,53,True,3984,1346600,0.0
2026-04-15T17:12:26,53,True,3984,1346600,0.0
2026-04-15T17:12:27,53,True,3984,1346600,0.0
2026-04-15T17:12:28,53,True,3984,1346600,0.0
2026-04-15T17:12:29,54,True,4000,1354796,0.0
2026-04-15T17:12:30,54,True,4000,1354796,0.0
2026-04-15T17:12:31,54,True,4000,1354796,0.0
2026-04-15T17:12:32,55,True,4008,1362992,0.0
2026-04-15T17:12:33,55,True,4008,1362992,0.0
2026-04-15T17:12:34,55,True,4008,1362992,0.0
2026-04-15T17:12:35,55,True,4008,1362992,0.0
2026-04-15T17:12:36,56,True,4008,1362992,0.0
2026-04-15T17:12:37,56,True,4008,1362992,0.0
2026-04-15T17:12:38,56,True,4008,1362992,0.0
2026-04-15T17:12:39,57,True,4008,1362992,0.0
2026-04-15T17:12:40,57,True,4008,1362992,0.0
2026-04-15T17:12:41,57,True,4008,1362992,0.0
2026-04-15T17:12:42,57,True,4008,1362992,0.0
2026-04-15T17:12:43,58,True,4008,1362992,0.0
2026-04-15T17:12:44,58,True,4008,1362992,0.0
2026-04-15T17:12:45,58,True,4008,1362992,0.0
2026-04-15T17:12:46,59,True,4008,1362992,0.0
2026-04-15T17:12:47,59,True,4008,1362992,0.0
2026-04-15T17:12:48,59,True,4008,1362992,0.0
2026-04-15T17:12:49,59,True,4008,1362992,0.0
2026-04-15T17:12:50,60,True,4016,1371188,0.0
2026-04-15T17:12:51,60,True,4016,1371188,0.0
2026-04-15T17:12:52,60,True,4016,1371188,0.0
2026-04-15T17:12:53,60,True,4016,1371188,0.0
2026-04-15T17:12:54,60,True,4016,1371188,0.0
2026-04-15T17:12:55,60,True,4016,1371188,0.0
2026-04-15T17:12:56,61,True,4028,1379384,1.0
2026-04-15T17:12:57,61,True,4028,1379384,0.0
2026-04-15T17:12:58,61,True,4028,1379384,0.0
2026-04-15T17:12:59,61,True,4028,1379384,0.0
2026-04-15T17:13:00,62,True,4028,1379384,0.0
2026-04-15T17:13:01,62,True,4028,1379384,0.0
2026-04-15T17:13:02,62,True,4028,1379384,0.0
2026-04-15T17:13:03,63,True,4028,1379384,0.0
2026-04-15T17:13:04,63,True,4028,1379384,0.0
2026-04-15T17:13:05,63,True,4028,1379384,0.0
2026-04-15T17:13:06,63,True,4028,1379384,0.0
2026-04-15T17:13:07,64,True,4028,1379384,0.0
2026-04-15T17:13:08,64,True,4028,1379384,0.0
2026-04-15T17:13:09,64,True,4028,1379384,0.0
2026-04-15T17:13:10,65,True,4028,1379384,0.0
2026-04-15T17:13:11,65,True,4028,1379384,0.0
2026-04-15T17:13:12,65,True,4028,1379384,0.0
2026-04-15T17:13:13,65,True,4028,1379384,0.0
2026-04-15T17:13:14,66,True,4028,1379384,0.0
2026-04-15T17:13:15,66,True,4028,1379384,0.0
2026-04-15T17:13:16,66,True,4028,1379384,0.0
2026-04-15T17:13:17,67,True,4028,1379384,0.0
2026-04-15T17:13:18,67,True,4028,1379384,0.0
2026-04-15T17:13:19,67,True,4028,1379384,0.0
2026-04-15T17:13:20,67,True,4028,1379384,0.0
2026-04-15T17:13:21,68,True,4028,1379384,0.0
2026-04-15T17:13:22,68,True,4028,1379384,0.0
2026-04-15T17:13:23,68,True,4028,1379384,0.0
2026-04-15T17:13:24,69,True,4040,1387580,0.0
2026-04-15T17:13:25,69,True,4040,1387580,0.0
2026-04-15T17:13:26,69,True,4040,1387580,0.0
2026-04-15T17:13:27,69,True,4040,1387580,0.0
2026-04-15T17:13:28,70,True,4040,1387580,0.0
2026-04-15T17:13:29,70,True,4040,1387580,0.0
2026-04-15T17:13:30,70,True,4040,1387580,0.0
2026-04-15T17:13:31,71,True,4052,1395776,0.0
2026-04-15T17:13:32,71,True,4052,1395776,0.0
2026-04-15T17:13:33,71,True,4052,1395776,0.0
2026-04-15T17:13:34,71,True,4052,1395776,0.0
2026-04-15T17:13:35,72,True,4052,1395776,0.0
2026-04-15T17:13:36,72,True,4052,1395776,0.0
2026-04-15T17:13:37,72,True,4052,1395776,0.0
2026-04-15T17:13:38,73,True,4052,1395776,0.0
2026-04-15T17:13:39,73,True,4052,1395776,0.0
2026-04-15T17:13:40,73,True,4052,1395776,0.0
2026-04-15T17:13:41,73,True,4052,1395776,0.0
2026-04-15T17:13:42,74,True,4052,1395776,0.0
2026-04-15T17:13:43,74,True,4052,1395776,0.0
2026-04-15T17:13:44,74,True,4052,1395776,0.0
2026-04-15T17:13:45,75,True,4052,1395776,0.0
2026-04-15T17:13:46,75,True,4052,1395776,0.0
2026-04-15T17:13:47,75,True,4052,1395776,0.0
2026-04-15T17:13:48,75,True,4052,1395776,0.0
2026-04-15T17:13:49,76,True,4052,1395776,0.0
2026-04-15T17:13:50,76,True,4052,1395776,0.0
2026-04-15T17:13:51,76,True,4052,1395776,0.0
2026-04-15T17:13:52,77,True,4052,1395776,0.0
2026-04-15T17:13:53,77,True,4052,1395776,0.0
2026-04-15T17:13:54,77,True,4052,1395776,0.0
2026-04-15T17:13:55,77,True,4052,1395776,0.0
2026-04-15T17:13:56,79,True,4068,1403972,1.0
2026-04-15T17:13:57,79,True,4068,1403972,0.0
2026-04-15T17:13:58,79,True,4068,1403972,0.0
2026-04-15T17:13:59,79,True,4068,1403972,0.0
2026-04-15T17:14:00,80,True,4068,1403972,0.0
2026-04-15T17:14:01,80,True,4068,1403972,0.0
2026-04-15T17:14:02,80,True,4068,1403972,0.0
2026-04-15T17:14:03,80,True,4068,1403972,0.0
2026-04-15T17:14:04,80,True,4068,1403972,0.0
2026-04-15T17:14:05,80,True,4068,1403972,0.0
2026-04-15T17:14:06,80,True,4068,1403972,0.0
2026-04-15T17:14:07,80,True,4068,1403972,0.0
2026-04-15T17:14:08,80,True,4068,1403972,0.0
2026-04-15T17:14:09,80,True,4068,1403972,0.0
2026-04-15T17:14:10,80,True,4068,1403972,0.0
2026-04-15T17:14:11,80,True,4068,1403972,0.0
2026-04-15T17:14:12,80,True,4068,1403972,0.0
2026-04-15T17:14:13,81,True,4068,1403972,0.0
2026-04-15T17:14:14,81,True,4068,1403972,0.0
2026-04-15T17:14:15,81,True,4068,1403972,0.0
2026-04-15T17:14:16,82,True,4068,1403972,0.0
2026-04-15T17:14:17,82,True,4068,1403972,0.0
2026-04-15T17:14:18,82,True,4068,1403972,0.0
2026-04-15T17:14:19,82,True,4068,1403972,0.0
2026-04-15T17:14:20,83,True,4068,1403972,0.0
2026-04-15T17:14:21,83,True,4068,1403972,0.0
2026-04-15T17:14:22,83,True,4068,1403972,0.0
2026-04-15T17:14:23,84,True,4068,1403972,0.0
2026-04-15T17:14:24,84,True,4068,1403972,0.0
2026-04-15T17:14:25,84,True,4068,1403972,0.0
2026-04-15T17:14:26,84,True,4068,1403972,0.0
2026-04-15T17:14:27,85,True,4076,1412168,0.0
2026-04-15T17:14:28,85,True,4076,1412168,0.0
2026-04-15T17:14:29,85,True,4076,1412168,0.0
2026-04-15T17:14:30,86,True,4076,1412168,0.0
2026-04-15T17:14:31,86,True,4076,1412168,1.0
2026-04-15T17:14:32,86,True,4076,1412168,0.0
2026-04-15T17:14:33,86,True,4076,1412168,0.0
2026-04-15T17:14:34,87,True,4084,1420364,0.0
2026-04-15T17:14:35,87,True,4084,1420364,0.0
2026-04-15T17:14:36,87,True,4084,1420364,0.0
2026-04-15T17:14:37,88,True,4084,1420364,0.0
2026-04-15T17:14:38,88,True,4084,1420364,0.0
2026-04-15T17:14:39,88,True,4084,1420364,0.0
2026-04-15T17:14:40,88,True,4084,1420364,0.0
2026-04-15T17:14:41,89,True,4084,1420364,0.0
2026-04-15T17:14:42,89,True,4084,1420364,0.0
2026-04-15T17:14:43,89,True,4084,1420364,0.0
2026-04-15T17:14:44,90,True,4084,1420364,0.0
2026-04-15T17:14:45,90,True,4084,1420364,0.0
2026-04-15T17:14:46,90,True,4084,1420364,0.0
2026-04-15T17:14:47,90,True,4084,1420364,0.0
2026-04-15T17:14:48,90,True,4084,1420364,0.0
2026-04-15T17:14:49,90,True,4084,1420364,0.0
2026-04-15T17:14:50,90,True,4084,1420364,0.0
2026-04-15T17:14:51,90,True,4084,1420364,0.0
2026-04-15T17:14:52,90,True,4084,1420364,0.0
2026-04-15T17:14:53,90,True,4084,1420364,0.0
2026-04-15T17:14:54,90,True,4084,1420364,0.0
2026-04-15T17:14:55,90,True,4084,1420364,0.0
2026-04-15T17:14:56,90,True,4084,1420364,0.0
2026-04-15T17:14:57,91,True,4148,1428560,0.0
2026-04-15T17:14:58,91,True,4148,1428560,0.0
2026-04-15T17:14:59,91,True,4148,1428560,0.0
2026-04-15T17:15:00,92,True,4148,1428560,1.0
2026-04-15T17:15:01,92,True,4148,1428560,0.0
2026-04-15T17:15:02,92,True,4148,1428560,0.0
2026-04-15T17:15:03,92,True,4148,1428560,0.0
2026-04-15T17:15:04,93,True,4148,1428560,0.0
2026-04-15T17:15:05,93,True,4148,1428560,0.0
2026-04-15T17:15:06,93,True,4148,1428560,0.0
2026-04-15T17:15:07,94,True,4148,1428560,0.0
2026-04-15T17:15:08,94,True,4148,1428560,0.0
2026-04-15T17:15:09,94,True,4148,1428560,0.0
2026-04-15T17:15:10,94,True,4148,1428560,0.0
2026-04-15T17:15:11,95,True,4148,1428560,0.0
2026-04-15T17:15:12,95,True,4148,1428560,0.0
2026-04-15T17:15:13,95,True,4148,1428560,0.0
2026-04-15T17:15:14,96,True,4148,1428560,0.0
2026-04-15T17:15:15,96,True,4148,1428560,0.0
2026-04-15T17:15:16,96,True,4148,1428560,0.0
2026-04-15T17:15:17,96,True,4148,1428560,0.0
2026-04-15T17:15:18,97,True,4148,1428560,0.0
2026-04-15T17:15:19,97,True,4148,1428560,0.0
2026-04-15T17:15:20,97,True,4148,1428560,0.0
2026-04-15T17:15:21,98,True,4148,1428560,0.0
2026-04-15T17:15:22,98,True,4148,1428560,0.0
2026-04-15T17:15:23,98,True,4148,1428560,0.0
2026-04-15T17:15:24,98,True,4148,1428560,0.0
2026-04-15T17:15:25,99,True,4148,1428560,0.0
2026-04-15T17:15:26,99,True,4148,1428560,0.0
2026-04-15T17:15:27,99,True,4148,1428560,0.0
2026-04-15T17:15:28,100,True,4148,1428560,0.0
2026-04-15T17:15:29,100,True,4148,1428560,0.0
2026-04-15T17:15:30,100,True,4148,1428560,0.0
2026-04-15T17:15:31,100,True,4148,1428560,0.0
2026-04-15T17:15:32,100,True,4148,1428560,0.0
2026-04-15T17:15:33,100,True,4148,1428560,0.0
2026-04-15T17:15:34,100,True,4148,1428560,0.0
2026-04-15T17:15:35,100,True,4148,1428560,0.0
2026-04-15T17:15:36,100,True,4148,1428560,0.0
2026-04-15T17:15:37,100,True,4148,1428560,0.0
2026-04-15T17:15:38,100,True,4148,1428560,0.0
2026-04-15T17:15:39,100,True,4148,1428560,0.0
2026-04-15T17:15:40,100,True,4148,1428560,0.0
2026-04-15T17:15:41,101,True,4148,1428560,0.0
2026-04-15T17:15:42,101,True,4148,1428560,0.0
2026-04-15T17:15:43,101,True,4148,1428560,0.0
2026-04-15T17:15:44,102,True,4148,1428560,0.0
2026-04-15T17:15:45,102,True,4148,1428560,0.0
2026-04-15T17:15:46,102,True,4148,1428560,0.0
2026-04-15T17:15:47,102,True,4148,1428560,0.0
2026-04-15T17:15:48,103,True,4148,1428560,0.0
2026-04-15T17:15:49,103,True,4148,1428560,0.0
2026-04-15T17:15:50,103,True,4148,1428560,0.0
2026-04-15T17:15:51,104,True,4148,1428560,0.0
2026-04-15T17:15:52,104,True,4148,1428560,0.0
2026-04-15T17:15:53,104,True,4148,1428560,0.0
2026-04-15T17:15:54,104,True,4148,1428560,0.0
2026-04-15T17:15:55,105,True,4148,1428560,0.0
2026-04-15T17:15:56,105,True,4148,1428560,0.0
2026-04-15T17:15:57,105,True,4148,1428560,0.0
2026-04-15T17:15:58,106,True,4160,1436756,0.0
2026-04-15T17:15:59,106,True,4160,1436756,0.0
2026-04-15T17:16:00,106,True,4160,1436756,0.0
2026-04-15T17:16:01,106,True,4160,1436756,0.0
2026-04-15T17:16:02,107,True,4160,1436756,0.0
2026-04-15T17:16:03,107,True,4160,1436756,0.0
2026-04-15T17:16:04,107,True,4160,1436756,0.0
2026-04-15T17:16:05,108,True,4160,1436756,0.0
2026-04-15T17:16:06,108,True,4160,1436756,0.0
2026-04-15T17:16:07,108,True,4160,1436756,0.0
2026-04-15T17:16:08,108,True,4160,1436756,0.0
2026-04-15T17:16:09,109,True,4160,1436756,0.0
2026-04-15T17:16:10,109,True,4160,1436756,0.0
2026-04-15T17:16:11,109,True,4160,1436756,0.0
2026-04-15T17:16:12,110,True,4160,1436756,0.0
2026-04-15T17:16:13,110,True,4160,1436756,0.0
2026-04-15T17:16:14,110,True,4160,1436756,0.0
2026-04-15T17:16:15,110,True,4160,1436756,0.0
2026-04-15T17:16:16,110,True,4160,1436756,0.0
2026-04-15T17:16:17,110,True,4160,1436756,0.0
2026-04-15T17:16:18,110,True,4160,1436756,0.0
2026-04-15T17:16:19,110,True,4160,1436756,0.0
2026-04-15T17:16:20,110,True,4160,1436756,0.0
2026-04-15T17:16:21,110,True,4160,1436756,0.0
2026-04-15T17:16:22,110,True,4160,1436756,0.0
2026-04-15T17:16:23,110,True,4160,1436756,0.0
2026-04-15T17:16:24,110,True,4160,1436756,0.0
2026-04-15T17:16:25,111,True,4160,1436756,0.0
2026-04-15T17:16:26,111,True,4160,1436756,0.0
2026-04-15T17:16:27,111,True,4160,1436756,0.0
2026-04-15T17:16:28,112,True,4160,1436756,0.0
2026-04-15T17:16:29,112,True,4160,1436756,0.0
2026-04-15T17:16:30,112,True,4160,1436756,0.0
2026-04-15T17:16:31,112,True,4160,1436756,0.0
2026-04-15T17:16:32,114,True,4160,1436756,0.0
2026-04-15T17:16:33,114,True,4160,1436756,0.0
2026-04-15T17:16:34,114,True,4160,1436756,0.0
2026-04-15T17:16:35,114,True,4160,1436756,0.0
2026-04-15T17:16:36,115,True,4160,1436756,0.0
2026-04-15T17:16:37,115,True,4160,1436756,0.0
2026-04-15T17:16:38,115,True,4160,1436756,0.0
2026-04-15T17:16:39,116,True,4160,1436756,0.0
2026-04-15T17:16:40,116,True,4160,1436756,0.0
2026-04-15T17:16:41,116,True,4160,1436756,0.0
2026-04-15T17:16:42,116,True,4160,1436756,0.0
2026-04-15T17:16:43,117,True,4160,1436756,0.0
2026-04-15T17:16:44,117,True,4160,1436756,0.0
2026-04-15T17:16:45,117,True,4160,1436756,0.0
2026-04-15T17:16:46,118,True,4160,1436756,0.0
2026-04-15T17:16:47,118,True,4160,1436756,0.0
2026-04-15T17:16:48,118,True,4160,1436756,0.0
2026-04-15T17:16:49,118,True,4160,1436756,0.0
2026-04-15T17:16:50,119,True,4160,1436756,0.0
2026-04-15T17:16:51,119,True,4160,1436756,0.0
2026-04-15T17:16:52,119,True,4160,1436756,0.0
2026-04-15T17:16:53,120,True,4160,1436756,0.0
2026-04-15T17:16:54,120,True,4160,1436756,0.0
2026-04-15T17:16:55,120,True,4160,1436756,0.0
2026-04-15T17:16:56,120,True,4160,1436756,0.0
2026-04-15T17:16:57,120,True,4160,1436756,0.0
2026-04-15T17:16:58,120,True,4160,1436756,0.0
2026-04-15T17:16:59,120,True,4160,1436756,0.0
2026-04-15T17:17:00,121,True,4176,1444952,1.0
2026-04-15T17:17:01,121,True,4176,1444952,0.0
2026-04-15T17:17:02,121,True,4176,1444952,0.0
2026-04-15T17:17:03,122,True,4176,1444952,0.0
2026-04-15T17:17:04,122,True,4176,1444952,0.0
2026-04-15T17:17:05,122,True,4176,1444952,0.0
2026-04-15T17:17:06,122,True,4176,1444952,0.0
2026-04-15T17:17:07,123,True,4176,1444952,0.0
2026-04-15T17:17:08,123,True,4176,1444952,0.0
2026-04-15T17:17:09,123,True,4176,1444952,0.0
2026-04-15T17:17:10,123,True,4176,1444952,0.0
2026-04-15T17:17:11,124,True,4176,1444952,0.0
2026-04-15T17:17:12,124,True,4176,1444952,0.0
2026-04-15T17:17:13,124,True,4176,1444952,0.0
2026-04-15T17:17:14,125,True,4176,1444952,0.0
2026-04-15T17:17:15,125,True,4176,1444952,0.0
2026-04-15T17:17:16,125,True,4176,1444952,0.0
2026-04-15T17:17:17,125,True,4176,1444952,0.0
2026-04-15T17:17:18,126,True,4176,1444952,0.0
2026-04-15T17:17:19,126,True,4176,1444952,0.0
2026-04-15T17:17:20,126,True,4176,1444952,0.0
2026-04-15T17:17:21,127,True,4176,1444952,0.0
2026-04-15T17:17:22,128,True,4176,1444952,0.0
2026-04-15T17:17:23,128,True,4176,1444952,0.0
2026-04-15T17:17:24,128,True,4176,1444952,0.0
2026-04-15T17:17:25,129,True,4176,1444952,0.0
2026-04-15T17:17:26,129,True,4176,1444952,0.0
2026-04-15T17:17:27,129,True,4176,1444952,0.0
2026-04-15T17:17:28,129,True,4176,1444952,0.0
2026-04-15T17:17:29,130,True,4176,1444952,0.0
2026-04-15T17:17:30,130,True,4176,1444952,0.0
2026-04-15T17:17:31,130,True,4176,1444952,0.0
2026-04-15T17:17:32,130,True,4176,1444952,0.0
2026-04-15T17:17:33,130,True,4176,1444952,0.0
2026-04-15T17:17:34,130,True,4176,1444952,0.0
2026-04-15T17:17:35,130,True,4176,1444952,0.0
2026-04-15T17:17:36,130,True,4176,1444952,0.0
2026-04-15T17:17:37,130,True,4176,1444952,0.0
2026-04-15T17:17:38,130,True,4176,1444952,0.0
2026-04-15T17:17:39,130,True,4176,1444952,0.0
2026-04-15T17:17:40,130,True,4176,1444952,0.0
2026-04-15T17:17:41,131,True,4176,1444952,0.0
2026-04-15T17:17:42,131,True,4176,1444952,0.0
2026-04-15T17:17:43,131,True,4176,1444952,0.0
2026-04-15T17:17:44,131,True,4176,1444952,0.0
2026-04-15T17:17:45,132,True,4176,1444952,0.0
2026-04-15T17:17:46,132,True,4176,1444952,0.0
2026-04-15T17:17:47,132,True,4176,1444952,0.0
2026-04-15T17:17:48,133,True,4176,1444952,0.0
2026-04-15T17:17:49,133,True,4176,1444952,0.0
2026-04-15T17:17:50,133,True,4176,1444952,0.0
2026-04-15T17:17:51,133,True,4176,1444952,0.0
2026-04-15T17:17:52,134,True,4176,1444952,0.0
2026-04-15T17:17:53,134,True,4176,1444952,0.0
2026-04-15T17:17:54,134,True,4176,1444952,0.0
2026-04-15T17:17:55,135,True,4176,1444952,0.0
2026-04-15T17:17:56,135,True,4176,1444952,0.0
2026-04-15T17:17:57,135,True,4176,1444952,0.0
2026-04-15T17:17:58,135,True,4176,1444952,0.0
2026-04-15T17:17:59,136,True,4176,1444952,0.0
2026-04-15T17:18:00,136,True,4176,1444952,1.0
2026-04-15T17:18:01,136,True,4176,1444952,0.0
2026-04-15T17:18:02,137,True,4188,1453148,0.0
2026-04-15T17:18:03,137,True,4188,1453148,0.0
2026-04-15T17:18:04,137,True,4188,1453148,0.0
2026-04-15T17:18:05,137,True,4188,1453148,0.0
2026-04-15T17:18:06,138,True,4188,1453148,0.0
2026-04-15T17:18:07,138,True,4188,1453148,0.0
2026-04-15T17:18:08,138,True,4188,1453148,0.0
2026-04-15T17:18:09,139,True,4188,1453148,0.0
2026-04-15T17:18:10,139,True,4188,1453148,0.0
2026-04-15T17:18:11,139,True,4188,1453148,0.0
2026-04-15T17:18:12,139,True,4188,1453148,0.0
2026-04-15T17:18:13,140,True,4188,1453148,0.0
2026-04-15T17:18:14,140,True,4188,1453148,0.0
2026-04-15T17:18:15,140,True,4188,1453148,0.0
2026-04-15T17:18:16,140,True,4188,1453148,0.0
2026-04-15T17:18:17,140,True,4188,1453148,0.0
2026-04-15T17:18:18,140,True,4188,1453148,0.0
2026-04-15T17:18:19,140,True,4188,1453148,0.0
2026-04-15T17:18:20,140,True,4188,1453148,0.0
2026-04-15T17:18:21,140,True,4188,1453148,0.0
2026-04-15T17:18:22,140,True,4188,1453148,0.0
2026-04-15T17:18:23,140,True,4188,1453148,0.0
2026-04-15T17:18:24,140,True,4188,1453148,0.0
2026-04-15T17:18:25,141,True,4188,1453148,0.0
2026-04-15T17:18:26,141,True,4188,1453148,0.0
2026-04-15T17:18:27,141,True,4188,1453148,0.0
2026-04-15T17:18:28,141,True,4188,1453148,0.0
2026-04-15T17:18:29,142,True,4188,1453148,0.0
2026-04-15T17:18:30,142,True,4188,1453148,0.0
2026-04-15T17:18:31,142,True,4188,1453148,0.0
2026-04-15T17:18:32,143,True,4188,1453148,0.0
2026-04-15T17:18:33,143,True,4188,1453148,0.0
2026-04-15T17:18:34,143,True,4188,1453148,0.0
2026-04-15T17:18:35,143,True,4188,1453148,0.0
2026-04-15T17:18:36,144,True,4188,1453148,0.0
2026-04-15T17:18:37,144,True,4188,1453148,0.0
2026-04-15T17:18:38,144,True,4188,1453148,0.0
2026-04-15T17:18:39,145,True,4188,1453148,0.0
2026-04-15T17:18:40,145,True,4188,1453148,0.0
2026-04-15T17:18:41,145,True,4180,1453148,0.0
2026-04-15T17:18:42,145,True,4180,1453148,0.0
2026-04-15T17:18:43,146,True,4180,1453148,0.0
2026-04-15T17:18:44,146,True,4180,1453148,0.0
2026-04-15T17:18:45,146,True,4180,1453148,0.0
2026-04-15T17:18:46,147,True,4180,1453148,0.0
2026-04-15T17:18:47,147,True,4180,1453148,0.0
2026-04-15T17:18:48,147,True,4180,1453148,0.0
2026-04-15T17:18:49,147,True,4180,1453148,0.0
2026-04-15T17:18:50,148,True,4180,1453148,0.0
2026-04-15T17:18:51,148,True,4180,1453148,0.0
2026-04-15T17:18:52,148,True,4180,1453148,0.0
2026-04-15T17:18:53,149,True,4180,1453148,0.0
2026-04-15T17:18:54,149,True,4180,1453148,0.0
2026-04-15T17:18:55,149,True,4180,1453148,0.0
2026-04-15T17:18:56,149,True,4180,1453148,0.0
2026-04-15T17:18:57,150,True,4180,1453148,0.0
2026-04-15T17:18:58,150,True,4180,1453148,0.0
2026-04-15T17:18:59,150,True,4180,1453148,0.0
2026-04-15T17:19:00,150,True,4180,1453148,0.0
2026-04-15T17:19:01,150,True,4180,1453148,0.0
2026-04-15T17:19:02,150,True,4180,1453148,0.0
2026-04-15T17:19:03,151,True,4200,1461344,1.0
2026-04-15T17:19:04,151,True,4200,1461344,0.0
2026-04-15T17:19:05,151,True,4200,1461344,0.0
2026-04-15T17:19:06,151,True,4200,1461344,0.0
2026-04-15T17:19:07,152,True,4200,1461344,0.0
2026-04-15T17:19:08,152,True,4200,1461344,0.0
2026-04-15T17:19:09,152,True,4200,1461344,0.0
2026-04-15T17:19:10,153,True,4200,1461344,0.0
2026-04-15T17:19:11,153,True,4200,1461344,0.0
2026-04-15T17:19:12,153,True,4200,1461344,0.0
2026-04-15T17:19:13,153,True,4200,1461344,0.0
2026-04-15T17:19:14,154,True,4200,1461344,0.0
2026-04-15T17:19:15,154,True,4200,1461344,0.0
2026-04-15T17:19:16,154,True,4200,1461344,0.0
2026-04-15T17:19:17,155,True,4200,1461344,0.0
2026-04-15T17:19:18,155,True,4200,1461344,0.0
2026-04-15T17:19:19,155,True,4200,1461344,0.0
2026-04-15T17:19:20,155,True,4200,1461344,0.0
2026-04-15T17:19:21,156,True,4200,1461344,0.0
2026-04-15T17:19:22,156,True,4200,1461344,0.0
2026-04-15T17:19:23,156,True,4200,1461344,0.0
2026-04-15T17:19:24,157,True,4200,1461344,0.0
2026-04-15T17:19:25,157,True,4200,1461344,0.0
2026-04-15T17:19:26,157,True,4200,1461344,0.0
2026-04-15T17:19:27,157,True,4200,1461344,0.0
2026-04-15T17:19:28,158,True,4200,1461344,0.0
2026-04-15T17:19:29,158,True,4200,1461344,0.0
2026-04-15T17:19:30,158,True,4200,1461344,0.0
2026-04-15T17:19:31,159,True,4200,1461344,0.0
2026-04-15T17:19:32,159,True,4200,1461344,0.0
2026-04-15T17:19:33,159,True,4200,1461344,0.0
2026-04-15T17:19:34,159,True,4200,1461344,0.0
2026-04-15T17:19:35,160,True,4200,1461344,0.0
2026-04-15T17:19:36,160,True,4200,1461344,0.0
2026-04-15T17:19:37,160,True,4200,1461344,0.0
2026-04-15T17:19:38,160,True,4200,1461344,0.0
2026-04-15T17:19:39,160,True,4200,1461344,0.0
2026-04-15T17:19:40,160,True,4200,1461344,0.0
2026-04-15T17:19:41,160,True,4200,1461344,0.0
2026-04-15T17:19:42,160,True,4200,1461344,0.0
2026-04-15T17:19:43,160,True,4200,1461344,0.0
2026-04-15T17:19:44,160,True,4200,1461344,0.0
2026-04-15T17:19:45,160,True,4200,1461344,0.0
2026-04-15T17:19:46,160,True,4200,1461344,0.0
2026-04-15T17:19:47,161,True,4200,1461344,0.0
2026-04-15T17:19:48,162,True,4200,1461344,0.0
2026-04-15T17:19:49,162,True,4200,1461344,0.0
2026-04-15T17:19:50,162,True,4200,1461344,0.0
2026-04-15T17:19:51,163,True,4200,1461344,0.0
2026-04-15T17:19:52,163,True,4200,1461344,0.0
2026-04-15T17:19:53,163,True,4200,1461344,0.0
2026-04-15T17:19:54,163,True,4200,1461344,0.0
2026-04-15T17:19:55,164,True,4200,1461344,0.0
2026-04-15T17:19:56,164,True,4200,1461344,0.0
2026-04-15T17:19:57,164,True,4200,1461344,0.0
2026-04-15T17:19:58,165,True,4200,1461344,0.0
2026-04-15T17:19:59,165,True,4200,1461344,0.0
2026-04-15T17:20:00,165,True,4200,1461344,0.0
2026-04-15T17:20:01,165,True,4200,1461344,0.0
2026-04-15T17:20:02,166,True,4200,1461344,0.0
2026-04-15T17:20:03,166,True,4200,1461344,0.0
2026-04-15T17:20:04,166,True,4200,1461344,0.0
2026-04-15T17:20:05,166,True,4200,1461344,0.0
2026-04-15T17:20:06,167,True,4552,1469952,0.0
2026-04-15T17:20:07,167,True,4552,1469952,0.0
2026-04-15T17:20:08,167,True,4552,1469952,0.0
2026-04-15T17:20:09,168,True,4552,1469952,0.0
2026-04-15T17:20:10,168,True,4552,1469952,0.0
2026-04-15T17:20:11,168,True,4552,1469952,0.0
2026-04-15T17:20:12,168,True,4552,1469952,0.0
2026-04-15T17:20:13,169,True,4552,1469952,0.0
2026-04-15T17:20:14,169,True,4552,1469952,0.0
2026-04-15T17:20:15,169,True,4552,1469952,0.0
2026-04-15T17:20:16,170,True,4552,1469952,0.0
2026-04-15T17:20:17,170,True,4552,1469952,0.0
2026-04-15T17:20:18,170,True,4552,1469952,0.0
2026-04-15T17:20:19,170,True,4552,1469952,0.0
2026-04-15T17:20:20,170,True,4552,1469952,0.0
2026-04-15T17:20:21,170,True,4552,1469952,0.0
2026-04-15T17:20:22,170,True,4552,1469952,0.0
2026-04-15T17:20:23,170,True,4552,1469952,0.0
2026-04-15T17:20:24,170,True,4552,1469952,0.0
2026-04-15T17:20:25,170,True,4552,1469952,0.0
2026-04-15T17:20:26,170,True,4552,1469952,0.0
2026-04-15T17:20:27,170,True,4552,1469952,0.0
2026-04-15T17:20:28,170,True,4552,1469952,0.0
2026-04-15T17:20:29,171,True,4552,1469952,0.0
2026-04-15T17:20:30,171,True,4552,1469952,0.0
2026-04-15T17:20:31,171,True,4552,1469952,0.0
2026-04-15T17:20:32,172,True,4552,1469952,1.0
2026-04-15T17:20:33,172,True,4552,1469952,0.0
2026-04-15T17:20:34,172,True,4552,1469952,0.0
2026-04-15T17:20:35,172,True,4552,1469952,0.0
2026-04-15T17:20:36,173,True,4552,1469952,0.0
2026-04-15T17:20:37,173,True,4552,1469952,0.0
2026-04-15T17:20:38,173,True,4552,1469952,0.0
2026-04-15T17:20:39,174,True,4552,1469952,0.0
2026-04-15T17:20:40,174,True,4552,1469952,0.0
2026-04-15T17:20:41,174,True,4552,1469952,0.0
2026-04-15T17:20:42,174,True,4552,1469952,0.0
2026-04-15T17:20:43,175,True,4552,1469952,0.0
2026-04-15T17:20:44,175,True,4552,1469952,0.0
2026-04-15T17:20:45,175,True,4552,1469952,0.0
2026-04-15T17:20:46,176,True,4552,1469952,0.0
2026-04-15T17:20:47,176,True,4552,1469952,0.0
2026-04-15T17:20:48,176,True,4552,1469952,0.0
2026-04-15T17:20:49,176,True,4552,1469952,0.0
2026-04-15T17:20:50,177,True,4552,1469952,0.0
2026-04-15T17:20:51,177,True,4552,1469952,0.0
2026-04-15T17:20:52,177,True,4552,1469952,0.0
2026-04-15T17:20:53,178,True,4552,1469952,0.0
2026-04-15T17:20:54,178,True,4552,1469952,0.0
2026-04-15T17:20:55,178,True,4552,1469952,0.0
2026-04-15T17:20:56,178,True,4552,1469952,0.0
2026-04-15T17:20:57,179,True,4552,1469952,0.0
2026-04-15T17:20:58,179,True,4552,1469952,0.0
2026-04-15T17:20:59,179,True,4552,1469952,0.0
2026-04-15T17:21:00,180,True,4552,1469952,0.0
2026-04-15T17:21:01,180,True,4552,1469952,0.0
2026-04-15T17:21:02,180,True,4552,1469952,0.0
2026-04-15T17:21:03,180,True,4552,1469952,0.0
2026-04-15T17:21:04,180,True,4552,1469952,0.0
2026-04-15T17:21:05,180,True,4552,1469952,0.0
2026-04-15T17:21:06,180,True,4552,1469952,0.0
2026-04-15T17:21:07,181,True,4564,1478148,0.0
2026-04-15T17:21:08,181,True,4564,1478148,0.0
2026-04-15T17:21:09,181,True,4564,1478148,0.0
2026-04-15T17:21:10,182,True,4564,1478148,0.0
2026-04-15T17:21:11,182,True,4564,1478148,0.0
2026-04-15T17:21:12,182,True,4564,1478148,0.0
2026-04-15T17:21:13,182,True,4564,1478148,0.0
2026-04-15T17:21:14,183,True,4564,1478148,0.0
2026-04-15T17:21:15,183,True,4564,1478148,0.0
2026-04-15T17:21:16,183,True,4564,1478148,0.0
2026-04-15T17:21:17,184,True,4564,1478148,0.0
2026-04-15T17:21:18,184,True,4564,1478148,0.0
2026-04-15T17:21:19,184,True,4564,1478148,0.0
2026-04-15T17:21:20,184,True,4564,1478148,0.0
2026-04-15T17:21:21,185,True,4564,1478148,0.0
2026-04-15T17:21:22,185,True,4564,1478148,0.0
2026-04-15T17:21:23,185,True,4564,1478148,0.0
2026-04-15T17:21:24,186,True,4564,1478148,0.0
2026-04-15T17:21:25,186,True,4564,1478148,0.0
2026-04-15T17:21:26,186,True,4564,1478148,0.0
2026-04-15T17:21:27,186,True,4564,1478148,0.0
2026-04-15T17:21:28,187,True,4564,1478148,1.0
2026-04-15T17:21:29,187,True,4564,1478148,0.0
2026-04-15T17:21:30,187,True,4564,1478148,0.0
2026-04-15T17:21:31,188,True,4564,1478148,0.0
2026-04-15T17:21:32,188,True,4564,1478148,0.0
2026-04-15T17:21:33,188,True,4564,1478148,0.0
2026-04-15T17:21:34,188,True,4564,1478148,0.0
2026-04-15T17:21:35,189,True,4564,1478148,0.0
2026-04-15T17:21:36,189,True,4564,1478148,0.0
2026-04-15T17:21:37,189,True,4564,1478148,0.0
2026-04-15T17:21:38,190,True,4564,1478148,0.0
2026-04-15T17:21:39,190,True,4564,1478148,0.0
2026-04-15T17:21:40,190,True,4564,1478148,0.0
2026-04-15T17:21:41,190,True,4564,1478148,0.0
2026-04-15T17:21:42,190,True,4564,1478148,0.0
2026-04-15T17:21:43,190,True,4564,1478148,0.0
2026-04-15T17:21:44,190,True,4564,1478148,0.0
2026-04-15T17:21:45,190,True,4564,1478148,0.0
2026-04-15T17:21:46,190,True,4564,1478148,0.0
2026-04-15T17:21:47,190,True,4564,1478148,0.0
2026-04-15T17:21:48,190,True,4564,1478148,0.0
2026-04-15T17:21:49,190,True,4564,1478148,0.0
2026-04-15T17:21:50,190,True,4564,1478148,0.0
2026-04-15T17:21:51,191,True,4564,1478148,0.0
2026-04-15T17:21:52,191,True,4564,1478148,0.0
2026-04-15T17:21:53,191,True,4564,1478148,0.0
2026-04-15T17:21:54,192,True,4564,1478148,0.0
2026-04-15T17:21:55,192,True,4564,1478148,0.0
2026-04-15T17:21:56,192,True,4564,1478148,0.0
2026-04-15T17:21:57,192,True,4564,1478148,0.0
2026-04-15T17:21:58,193,True,4564,1478148,0.0
2026-04-15T17:21:59,193,True,4564,1478148,0.0
2026-04-15T17:22:00,193,True,4564,1478148,0.0
2026-04-15T17:22:01,194,True,4564,1478148,0.0
2026-04-15T17:22:02,194,True,4564,1478148,0.0
2026-04-15T17:22:03,194,True,4564,1478148,0.0
2026-04-15T17:22:04,194,True,4564,1478148,0.0
2026-04-15T17:22:05,195,True,4564,1478148,0.0
2026-04-15T17:22:06,195,True,4564,1478148,0.0
2026-04-15T17:22:07,195,True,4564,1478148,0.0
2026-04-15T17:22:08,196,True,4564,1478148,0.0
2026-04-15T17:22:09,196,True,4564,1478148,0.0
2026-04-15T17:22:10,196,True,4564,1478148,0.0
2026-04-15T17:22:11,196,True,4564,1478148,0.0
2026-04-15T17:22:12,197,True,4564,1478148,0.0
2026-04-15T17:22:13,197,True,4564,1478148,0.0
2026-04-15T17:22:14,197,True,4564,1478148,0.0
2026-04-15T17:22:15,198,True,4564,1478148,0.0
2026-04-15T17:22:16,198,True,4564,1478148,0.0
2026-04-15T17:22:17,198,True,4564,1478148,0.0
2026-04-15T17:22:18,198,True,4564,1478148,0.0
2026-04-15T17:22:19,199,True,4564,1478148,0.0
2026-04-15T17:22:20,199,True,4564,1478148,0.0
2026-04-15T17:22:21,199,True,4564,1478148,0.0
2026-04-15T17:22:22,200,True,4564,1478148,0.0
2026-04-15T17:22:23,200,True,4564,1478148,0.0
2026-04-15T17:22:24,200,True,4564,1478148,0.0
2026-04-15T17:22:25,200,True,4564,1478148,0.0
2026-04-15T17:22:26,200,True,4564,1478148,0.0
2026-04-15T17:22:27,200,True,4564,1478148,0.0
2026-04-15T17:22:28,200,True,4564,1478148,0.0
2026-04-15T17:22:29,200,True,4564,1478148,0.0
2026-04-15T17:22:30,200,True,4564,1478148,0.0
2026-04-15T17:22:31,200,True,4564,1478148,0.0
2026-04-15T17:22:32,200,True,4564,1478148,0.0
2026-04-15T17:22:33,200,True,4564,1478148,0.0
2026-04-15T17:22:34,200,True,4564,1478148,0.0
2026-04-15T17:22:35,201,True,4564,1478148,0.0
2026-04-15T17:22:36,201,True,4564,1478148,0.0
2026-04-15T17:22:37,201,True,4564,1478148,0.0
2026-04-15T17:22:39,202,True,4564,1478148,0.0
2026-04-15T17:22:40,202,True,4564,1478148,0.0
2026-04-15T17:22:41,202,True,4564,1478148,0.0
2026-04-15T17:22:42,202,True,4564,1478148,0.0
2026-04-15T17:22:43,203,True,4564,1478148,0.0
2026-04-15T17:22:44,203,True,4564,1478148,0.0
2026-04-15T17:22:45,203,True,4564,1478148,0.0
2026-04-15T17:22:46,204,True,4564,1478148,0.0
2026-04-15T17:22:47,204,True,4564,1478148,0.0
2026-04-15T17:22:48,204,True,4564,1478148,0.0
2026-04-15T17:22:49,204,True,4564,1478148,0.0
2026-04-15T17:22:50,205,True,4564,1478148,0.0
2026-04-15T17:22:51,205,True,4564,1478148,0.0
2026-04-15T17:22:52,205,True,4564,1478148,0.0
2026-04-15T17:22:53,206,True,4564,1478148,0.0
2026-04-15T17:22:54,206,True,4564,1478148,0.0
2026-04-15T17:22:55,206,True,4564,1478148,0.0
2026-04-15T17:22:56,206,True,4564,1478148,0.0
2026-04-15T17:22:57,207,True,4564,1478148,0.0
2026-04-15T17:22:58,207,True,4564,1478148,0.0
2026-04-15T17:22:59,207,True,4564,1478148,0.0
2026-04-15T17:23:00,208,True,4564,1478148,0.0
2026-04-15T17:23:01,208,True,4564,1478148,0.0
2026-04-15T17:23:02,208,True,4564,1478148,0.0
2026-04-15T17:23:03,208,True,4564,1478148,0.0
2026-04-15T17:23:04,209,True,4564,1478148,0.0
2026-04-15T17:23:05,209,True,4564,1478148,0.0
2026-04-15T17:23:06,209,True,4564,1478148,0.0
2026-04-15T17:23:07,210,True,4564,1478148,0.0
2026-04-15T17:23:08,210,True,4564,1478148,0.0
2026-04-15T17:23:09,210,True,4564,1478148,0.0
2026-04-15T17:23:10,210,True,4564,1478148,0.0
2026-04-15T17:23:11,210,True,4564,1478148,0.0
2026-04-15T17:23:12,210,True,4564,1478148,0.0
2026-04-15T17:23:13,210,True,4564,1478148,0.0
2026-04-15T17:23:14,210,True,4564,1478148,0.0
2026-04-15T17:23:15,210,True,4564,1478148,0.0
2026-04-15T17:23:16,210,True,4564,1478148,0.0
2026-04-15T17:23:17,210,True,4564,1478148,0.0
2026-04-15T17:23:18,210,True,4564,1478148,0.0
2026-04-15T17:23:19,210,True,4564,1478148,0.0
2026-04-15T17:23:20,211,True,4564,1478148,0.0
2026-04-15T17:23:21,211,True,4564,1478148,0.0
2026-04-15T17:23:22,211,True,4564,1478148,0.0
2026-04-15T17:23:23,212,True,4564,1478148,0.0
2026-04-15T17:23:24,212,True,4564,1478148,0.0
2026-04-15T17:23:25,212,True,4564,1478148,0.0
2026-04-15T17:23:26,212,True,4564,1478148,0.0
2026-04-15T17:23:27,213,True,4564,1478148,0.0
2026-04-15T17:23:28,213,True,4564,1478148,0.0
2026-04-15T17:23:29,213,True,4564,1478148,0.0
2026-04-15T17:23:30,213,True,4564,1478148,0.0
2026-04-15T17:23:31,214,True,4564,1478148,0.0
2026-04-15T17:23:32,214,True,4564,1478148,0.0
2026-04-15T17:23:33,214,True,4564,1478148,0.0
2026-04-15T17:23:34,215,True,4564,1478148,0.0
2026-04-15T17:23:35,215,True,4564,1478148,0.0
2026-04-15T17:23:36,215,True,4564,1478148,0.0
2026-04-15T17:23:37,215,True,4564,1478148,0.0
2026-04-15T17:23:38,216,True,4564,1478148,0.0
2026-04-15T17:23:39,216,True,4564,1478148,0.0
2026-04-15T17:23:40,216,True,4564,1478148,0.0
2026-04-15T17:23:41,217,True,4564,1478148,0.0
2026-04-15T17:23:42,217,True,4564,1478148,0.0
2026-04-15T17:23:43,217,True,4564,1478148,0.0
2026-04-15T17:23:44,217,True,4564,1478148,0.0
2026-04-15T17:23:45,218,True,4564,1478148,0.0
2026-04-15T17:23:46,218,True,4564,1478148,0.0
2026-04-15T17:23:47,218,True,4564,1478148,0.0
2026-04-15T17:23:48,219,True,4564,1478148,0.0
2026-04-15T17:23:49,219,True,4564,1478148,0.0
2026-04-15T17:23:50,219,True,4564,1478148,0.0
2026-04-15T17:23:51,219,True,4564,1478148,0.0
2026-04-15T17:23:52,220,True,4564,1478148,0.0
2026-04-15T17:23:53,220,True,4564,1478148,0.0
2026-04-15T17:23:54,220,True,4564,1478148,0.0
2026-04-15T17:23:55,220,True,4564,1478148,0.0
2026-04-15T17:23:56,220,True,4564,1478148,0.0
2026-04-15T17:23:57,220,True,4564,1478148,0.0
2026-04-15T17:23:58,220,True,4564,1478148,0.0
2026-04-15T17:23:59,220,True,4564,1478148,0.0
2026-04-15T17:24:00,220,True,4564,1478148,0.0
2026-04-15T17:24:01,220,True,4564,1478148,0.0
2026-04-15T17:24:02,220,True,4564,1478148,0.0
2026-04-15T17:24:03,220,True,4564,1478148,0.0
2026-04-15T17:24:04,221,True,4564,1478148,0.0
2026-04-15T17:24:05,221,True,4564,1478148,0.0
2026-04-15T17:24:06,221,True,4564,1478148,0.0
2026-04-15T17:24:07,221,True,4564,1478148,0.0
2026-04-15T17:24:08,222,True,4564,1478148,0.0
2026-04-15T17:24:09,222,True,4564,1478148,0.0
2026-04-15T17:24:10,222,True,4564,1478148,0.0
2026-04-15T17:24:11,223,True,4564,1478148,0.0
2026-04-15T17:24:12,223,True,4564,1478148,0.0
2026-04-15T17:24:13,223,True,4564,1478148,0.0
2026-04-15T17:24:14,223,True,4564,1478148,0.0
2026-04-15T17:24:15,224,True,4564,1478148,0.0
2026-04-15T17:24:16,224,True,4564,1478148,0.0
2026-04-15T17:24:17,224,True,4564,1478148,0.0
2026-04-15T17:24:18,225,True,4564,1478148,0.0
2026-04-15T17:24:19,225,True,4564,1478148,0.0
2026-04-15T17:24:20,225,True,4564,1478148,0.0
2026-04-15T17:24:21,225,True,4564,1478148,0.0
2026-04-15T17:24:22,226,True,4564,1478148,0.0
2026-04-15T17:24:23,226,True,4564,1478148,0.0
2026-04-15T17:24:24,226,True,4564,1478148,0.0
2026-04-15T17:24:25,227,True,4564,1478148,0.0
2026-04-15T17:24:26,227,True,4564,1478148,0.0
2026-04-15T17:24:27,227,True,4564,1478148,0.0
2026-04-15T17:24:28,227,True,4564,1478148,0.0
2026-04-15T17:24:29,228,True,4564,1478148,1.0
2026-04-15T17:24:30,228,True,4564,1478148,0.0
2026-04-15T17:24:31,228,True,4564,1478148,0.0
2026-04-15T17:24:32,229,True,4564,1478148,0.0
2026-04-15T17:24:33,229,True,4564,1478148,0.0
2026-04-15T17:24:34,229,True,4564,1478148,0.0
2026-04-15T17:24:35,229,True,4564,1478148,0.0
2026-04-15T17:24:36,230,True,4564,1478148,0.0
2026-04-15T17:24:37,230,True,4564,1478148,0.0
2026-04-15T17:24:38,230,True,4564,1478148,0.0
2026-04-15T17:24:39,230,True,4564,1478148,0.0
2026-04-15T17:24:40,230,True,4564,1478148,0.0
2026-04-15T17:24:41,230,True,4564,1478148,0.0
2026-04-15T17:24:42,230,True,4564,1478148,0.0
2026-04-15T17:24:43,230,True,4564,1478148,0.0
2026-04-15T17:24:44,230,True,4564,1478148,0.0
2026-04-15T17:24:45,230,True,4564,1478148,0.0
2026-04-15T17:24:46,230,True,4564,1478148,0.0
2026-04-15T17:24:47,230,True,4564,1478148,0.0
2026-04-15T17:24:48,231,True,4564,1478148,0.0
2026-04-15T17:24:49,231,True,4564,1478148,0.0
2026-04-15T17:24:50,231,True,4564,1478148,0.0
2026-04-15T17:24:51,231,True,4564,1478148,0.0
2026-04-15T17:24:52,232,True,4564,1478148,0.0
2026-04-15T17:24:53,232,True,4564,1478148,0.0
2026-04-15T17:24:54,232,True,4564,1478148,0.0
2026-04-15T17:24:55,233,True,4564,1478148,0.0
2026-04-15T17:24:56,233,True,4564,1478148,0.0
2026-04-15T17:24:57,233,True,4564,1478148,0.0
2026-04-15T17:24:58,233,True,4564,1478148,0.0
2026-04-15T17:24:59,234,True,4564,1478148,0.0
2026-04-15T17:25:00,234,True,4564,1478148,0.0
2026-04-15T17:25:01,234,True,4564,1478148,0.0
2026-04-15T17:25:02,235,True,4564,1478148,0.0
2026-04-15T17:25:03,235,True,4564,1478148,0.0
2026-04-15T17:25:04,235,True,4564,1478148,0.0
2026-04-15T17:25:05,235,True,4564,1478148,0.0
2026-04-15T17:25:06,236,True,4564,1478148,0.0
2026-04-15T17:25:07,236,True,4564,1478148,0.0
2026-04-15T17:25:08,236,True,4564,1478148,0.0
2026-04-15T17:25:09,237,True,4564,1478148,0.0
2026-04-15T17:25:10,237,True,4564,1478148,0.0
2026-04-15T17:25:11,237,True,4564,1478148,0.0
2026-04-15T17:25:12,237,True,4564,1478148,0.0
2026-04-15T17:25:13,238,True,4564,1478148,0.0
2026-04-15T17:25:14,238,True,4564,1478148,0.0
2026-04-15T17:25:15,238,True,4564,1478148,0.0
2026-04-15T17:25:16,239,True,4564,1478148,0.0
2026-04-15T17:25:17,239,True,4564,1478148,0.0
2026-04-15T17:25:18,239,True,4564,1478148,0.0
2026-04-15T17:25:19,239,True,4564,1478148,0.0
2026-04-15T17:25:20,240,True,4564,1478148,0.0
2026-04-15T17:25:21,240,True,4564,1478148,0.0
2026-04-15T17:25:22,240,True,4564,1478148,0.0
2026-04-15T17:25:23,240,True,4564,1478148,0.0
2026-04-15T17:25:24,240,True,4564,1478148,0.0
2026-04-15T17:25:25,240,True,4564,1478148,0.0
2026-04-15T17:25:26,240,True,4564,1478148,0.0
2026-04-15T17:25:27,240,True,4564,1478148,0.0
2026-04-15T17:25:28,240,True,4564,1478148,0.0
2026-04-15T17:25:29,240,True,4564,1478148,0.0
2026-04-15T17:25:30,240,True,4564,1478148,0.0
2026-04-15T17:25:31,240,True,4564,1478148,0.0
2026-04-15T17:25:32,241,True,4564,1478148,0.0
2026-04-15T17:25:33,241,True,4564,1478148,0.0
2026-04-15T17:25:34,241,True,4564,1478148,0.0
2026-04-15T17:25:35,241,True,4564,1478148,0.0
2026-04-15T17:25:36,242,True,4564,1478148,0.0
2026-04-15T17:25:37,242,True,4564,1478148,0.0
2026-04-15T17:25:38,242,True,4564,1478148,0.0
2026-04-15T17:25:39,243,True,4564,1478148,0.0
2026-04-15T17:25:40,243,True,4564,1478148,0.0
2026-04-15T17:25:41,243,True,4564,1478148,0.0
2026-04-15T17:25:42,243,True,4564,1478148,0.0
2026-04-15T17:25:43,244,True,4564,1478148,0.0
2026-04-15T17:25:44,244,True,4564,1478148,0.0
2026-04-15T17:25:45,244,True,4564,1478148,0.0
2026-04-15T17:25:46,245,True,4564,1478148,0.0
2026-04-15T17:25:47,245,True,4564,1478148,0.0
2026-04-15T17:25:48,245,True,4564,1478148,0.0
2026-04-15T17:25:49,245,True,4564,1478148,0.0
2026-04-15T17:25:50,246,True,4564,1478148,0.0
2026-04-15T17:25:51,246,True,4564,1478148,0.0
2026-04-15T17:25:52,246,True,4564,1478148,0.0
2026-04-15T17:25:53,247,True,4564,1478148,0.0
2026-04-15T17:25:54,247,True,4564,1478148,0.0
2026-04-15T17:25:55,247,True,4564,1478148,0.0
2026-04-15T17:25:56,247,True,4564,1478148,0.0
2026-04-15T17:25:57,248,True,4564,1478148,0.0
2026-04-15T17:25:58,248,True,4564,1478148,0.0
2026-04-15T17:25:59,248,True,4564,1478148,0.0
2026-04-15T17:26:00,249,True,4564,1478148,0.0
2026-04-15T17:26:01,249,True,4564,1478148,0.0
2026-04-15T17:26:02,249,True,4564,1478148,0.0
2026-04-15T17:26:03,249,True,4564,1478148,0.0
2026-04-15T17:26:04,250,True,4564,1478148,0.0
2026-04-15T17:26:05,250,True,4564,1478148,0.0
2026-04-15T17:26:06,250,True,4564,1478148,0.0
2026-04-15T17:26:07,250,True,4564,1478148,0.0
2026-04-15T17:26:08,250,True,4564,1478148,0.0
2026-04-15T17:26:09,250,True,4564,1478148,0.0
2026-04-15T17:26:10,250,True,4564,1478148,0.0
2026-04-15T17:26:11,250,True,4564,1478148,0.0
2026-04-15T17:26:12,250,True,4564,1478148,0.0
2026-04-15T17:26:13,250,True,4564,1478148,0.0
2026-04-15T17:26:14,250,True,4564,1478148,0.0
2026-04-15T17:26:15,250,True,4564,1478148,0.0
2026-04-15T17:26:16,251,True,4564,1478148,0.0
2026-04-15T17:26:17,251,True,4564,1478148,0.0
2026-04-15T17:26:18,251,True,4564,1478148,0.0
2026-04-15T17:26:19,251,True,4564,1478148,0.0
2026-04-15T17:26:20,252,True,4564,1478148,0.0
2026-04-15T17:26:21,252,True,4564,1478148,0.0
2026-04-15T17:26:22,252,True,4564,1478148,0.0
2026-04-15T17:26:23,253,True,4564,1478148,0.0
2026-04-15T17:26:24,253,True,4564,1478148,0.0
2026-04-15T17:26:25,253,True,4564,1478148,0.0
2026-04-15T17:26:26,253,True,4564,1478148,0.0
2026-04-15T17:26:27,254,True,4564,1478148,0.0
2026-04-15T17:26:28,254,True,4564,1478148,0.0
2026-04-15T17:26:29,254,True,4564,1478148,0.0
2026-04-15T17:26:30,255,True,4564,1478148,0.0
2026-04-15T17:26:31,255,True,4564,1478148,0.0
2026-04-15T17:26:32,255,True,4564,1478148,0.0
2026-04-15T17:26:33,255,True,4564,1478148,0.0
2026-04-15T17:26:34,256,True,4564,1478148,1.0
2026-04-15T17:26:35,256,True,4564,1478148,0.0
2026-04-15T17:26:36,256,True,4564,1478148,0.0
2026-04-15T17:26:37,256,True,4564,1478148,0.0
2026-04-15T17:26:38,257,True,4564,1478148,0.0
2026-04-15T17:26:39,257,True,4564,1478148,0.0
2026-04-15T17:26:40,257,True,4564,1478148,0.0
2026-04-15T17:26:41,258,True,4564,1478148,0.0
2026-04-15T17:26:42,258,True,4564,1478148,0.0
2026-04-15T17:26:43,258,True,4564,1478148,0.0
2026-04-15T17:26:44,258,True,4564,1478148,0.0
2026-04-15T17:26:45,259,True,4564,1478148,0.0
2026-04-15T17:26:46,259,True,4564,1478148,0.0
2026-04-15T17:26:47,259,True,4564,1478148,0.0
2026-04-15T17:26:48,260,True,4564,1478148,0.0
2026-04-15T17:26:49,260,True,4564,1478148,0.0
2026-04-15T17:26:50,260,True,4564,1478148,0.0
2026-04-15T17:26:51,260,True,4564,1478148,0.0
2026-04-15T17:26:52,260,True,4564,1478148,0.0
2026-04-15T17:26:53,260,True,4564,1478148,0.0
2026-04-15T17:26:54,260,True,4564,1478148,0.0
2026-04-15T17:26:55,260,True,4564,1478148,0.0
2026-04-15T17:26:56,260,True,4564,1478148,0.0
2026-04-15T17:26:57,260,True,4564,1478148,0.0
2026-04-15T17:26:58,260,True,4564,1478148,0.0
2026-04-15T17:26:59,260,True,4564,1478148,0.0
2026-04-15T17:27:00,260,True,4564,1478148,0.0
2026-04-15T17:27:01,261,True,4564,1478148,0.0
2026-04-15T17:27:02,261,True,4564,1478148,0.0
2026-04-15T17:27:03,261,True,4564,1478148,0.0
2026-04-15T17:27:04,262,True,4564,1478148,0.0
2026-04-15T17:27:05,262,True,4564,1478148,0.0
2026-04-15T17:27:06,262,True,4564,1478148,0.0
2026-04-15T17:27:07,262,True,4564,1478148,0.0
2026-04-15T17:27:08,263,True,4564,1478148,0.0
2026-04-15T17:27:09,263,True,4564,1478148,0.0
2026-04-15T17:27:10,263,True,4564,1478148,0.0
2026-04-15T17:27:11,264,True,4564,1478148,0.0
2026-04-15T17:27:12,264,True,4564,1478148,0.0
2026-04-15T17:27:13,264,True,4564,1478148,0.0
2026-04-15T17:27:14,264,True,4564,1478148,0.0
2026-04-15T17:27:15,265,True,4564,1478148,0.0
2026-04-15T17:27:16,265,True,4564,1478148,0.0
2026-04-15T17:27:17,265,True,4564,1478148,0.0
2026-04-15T17:27:18,266,True,4564,1478148,0.0
2026-04-15T17:27:19,266,True,4564,1478148,0.0
2026-04-15T17:27:20,266,True,4564,1478148,0.0
2026-04-15T17:27:21,266,True,4564,1478148,0.0
2026-04-15T17:27:22,267,True,4564,1478148,0.0
2026-04-15T17:27:23,267,True,4564,1478148,0.0
2026-04-15T17:27:24,267,True,4564,1478148,0.0
2026-04-15T17:27:25,268,True,4564,1478148,0.0
2026-04-15T17:27:26,268,True,4564,1478148,0.0
2026-04-15T17:27:27,268,True,4564,1478148,0.0
2026-04-15T17:27:28,268,True,4564,1478148,0.0
2026-04-15T17:27:29,269,True,4564,1478148,0.0
2026-04-15T17:27:30,269,True,4564,1478148,0.0
2026-04-15T17:27:31,269,True,4564,1478148,0.0
2026-04-15T17:27:32,270,True,4564,1478148,0.0
2026-04-15T17:27:33,270,True,4564,1478148,0.0
2026-04-15T17:27:34,270,True,4564,1478148,0.0
2026-04-15T17:27:35,270,True,4564,1478148,0.0
2026-04-15T17:27:36,270,True,4564,1478148,0.0
2026-04-15T17:27:37,270,True,4564,1478148,0.0
2026-04-15T17:27:38,270,True,4564,1478148,0.0
2026-04-15T17:27:39,270,True,4564,1478148,0.0
2026-04-15T17:27:40,270,True,4564,1478148,0.0
2026-04-15T17:27:41,270,True,4564,1478148,0.0
2026-04-15T17:27:42,270,True,4564,1478148,0.0
2026-04-15T17:27:43,270,True,4564,1478148,0.0
2026-04-15T17:27:44,270,True,4564,1478148,0.0
2026-04-15T17:27:45,271,True,4564,1478148,0.0
2026-04-15T17:27:46,271,True,4564,1478148,0.0
2026-04-15T17:27:47,271,True,4564,1478148,0.0
2026-04-15T17:27:48,272,True,4564,1478148,0.0
2026-04-15T17:27:49,272,True,4564,1478148,0.0
2026-04-15T17:27:50,272,True,4564,1478148,0.0
2026-04-15T17:27:51,272,True,4564,1478148,0.0
2026-04-15T17:27:52,273,True,4564,1478148,0.0
2026-04-15T17:27:53,273,True,4564,1478148,0.0
2026-04-15T17:27:54,273,True,4564,1478148,0.0
2026-04-15T17:27:55,274,True,4564,1478148,0.0
2026-04-15T17:27:56,274,True,4564,1478148,0.0
2026-04-15T17:27:57,274,True,4564,1478148,0.0
2026-04-15T17:27:58,274,True,4564,1478148,0.0
2026-04-15T17:27:59,275,True,4564,1478148,0.0
2026-04-15T17:28:00,275,True,4564,1478148,0.0
2026-04-15T17:28:01,275,True,4564,1478148,0.0
2026-04-15T17:28:02,276,True,4564,1478148,0.0
2026-04-15T17:28:03,276,True,4564,1478148,0.0
2026-04-15T17:28:04,276,True,4564,1478148,0.0
2026-04-15T17:28:05,276,True,4564,1478148,0.0
2026-04-15T17:28:06,277,True,4564,1478148,0.0
2026-04-15T17:28:07,277,True,4564,1478148,0.0
2026-04-15T17:28:08,277,True,4564,1478148,0.0
2026-04-15T17:28:09,278,True,4564,1478148,0.0
2026-04-15T17:28:10,278,True,4564,1478148,0.0
2026-04-15T17:28:11,278,True,4564,1478148,0.0
2026-04-15T17:28:12,278,True,4564,1478148,0.0
2026-04-15T17:28:13,279,True,4564,1478148,0.0
2026-04-15T17:28:14,279,True,4564,1478148,0.0
2026-04-15T17:28:15,279,True,4564,1478148,0.0
2026-04-15T17:28:16,280,True,4564,1478148,1.0
2026-04-15T17:28:17,280,True,4564,1478148,0.0
2026-04-15T17:28:18,280,True,4564,1478148,0.0
2026-04-15T17:28:19,280,True,4564,1478148,0.0
2026-04-15T17:28:20,280,True,4564,1478148,0.0
2026-04-15T17:28:21,280,True,4564,1478148,0.0
2026-04-15T17:28:22,280,True,4564,1478148,0.0
2026-04-15T17:28:23,280,True,4564,1478148,0.0
2026-04-15T17:28:24,280,True,4564,1478148,0.0
2026-04-15T17:28:25,280,True,4564,1478148,0.0
2026-04-15T17:28:26,280,True,4564,1478148,0.0
2026-04-15T17:28:27,280,True,4564,1478148,0.0
2026-04-15T17:28:28,280,True,4564,1478148,0.0
2026-04-15T17:28:29,281,True,4564,1478148,0.0
2026-04-15T17:28:30,281,True,4564,1478148,0.0
2026-04-15T17:28:31,281,True,4564,1478148,0.0
2026-04-15T17:28:32,282,True,4564,1478148,0.0
2026-04-15T17:28:33,282,True,4564,1478148,0.0
2026-04-15T17:28:34,282,True,4564,1478148,0.0
2026-04-15T17:28:35,282,True,4564,1478148,0.0
2026-04-15T17:28:36,283,True,4564,1478148,0.0
2026-04-15T17:28:37,283,True,4564,1478148,0.0
2026-04-15T17:28:38,283,True,4564,1478148,0.0
2026-04-15T17:28:39,284,True,4564,1478148,0.0
2026-04-15T17:28:40,284,True,4564,1478148,0.0
2026-04-15T17:28:41,284,True,4564,1478148,0.0
2026-04-15T17:28:42,284,True,4564,1478148,0.0
2026-04-15T17:28:43,285,True,4564,1478148,0.0
2026-04-15T17:28:44,285,True,4564,1478148,0.0
2026-04-15T17:28:45,285,True,4564,1478148,0.0
2026-04-15T17:28:46,286,True,4564,1478148,0.0
2026-04-15T17:28:47,286,True,4564,1478148,0.0
2026-04-15T17:28:48,286,True,4564,1478148,0.0
2026-04-15T17:28:49,286,True,4564,1478148,0.0
2026-04-15T17:28:50,287,True,4564,1478148,0.0
2026-04-15T17:28:51,287,True,4564,1478148,0.0
2026-04-15T17:28:52,287,True,4564,1478148,0.0
2026-04-15T17:28:53,288,True,4564,1478148,0.0
2026-04-15T17:28:54,288,True,4564,1478148,0.0
2026-04-15T17:28:55,288,True,4564,1478148,0.0
2026-04-15T17:28:56,288,True,4564,1478148,0.0
2026-04-15T17:28:57,289,True,4564,1478148,0.0
2026-04-15T17:28:58,289,True,4564,1478148,0.0
2026-04-15T17:28:59,289,True,4564,1478148,0.0
2026-04-15T17:29:00,290,True,4564,1478148,0.0
2026-04-15T17:29:01,290,True,4564,1478148,0.0
2026-04-15T17:29:02,290,True,4564,1478148,0.0
2026-04-15T17:29:03,290,True,4564,1478148,0.0
2026-04-15T17:29:04,290,True,4564,1478148,0.0
2026-04-15T17:29:05,290,True,4564,1478148,0.0
2026-04-15T17:29:06,290,True,4564,1478148,0.0
2026-04-15T17:29:07,290,True,4564,1478148,0.0
2026-04-15T17:29:08,290,True,4564,1478148,0.0
2026-04-15T17:29:09,290,True,4564,1478148,0.0
2026-04-15T17:29:10,290,True,4564,1478148,0.0
2026-04-15T17:29:11,290,True,4564,1478148,0.0
2026-04-15T17:29:12,290,True,4564,1478148,0.0
2026-04-15T17:29:13,291,True,4564,1478148,0.0
2026-04-15T17:29:14,291,True,4564,1478148,0.0
2026-04-15T17:29:15,291,True,4564,1478148,0.0
2026-04-15T17:29:16,292,True,4564,1478148,0.0
2026-04-15T17:29:17,292,True,4564,1478148,0.0
2026-04-15T17:29:18,292,True,4564,1478148,0.0
2026-04-15T17:29:19,292,True,4564,1478148,0.0
2026-04-15T17:29:20,293,True,4564,1478148,0.0
2026-04-15T17:29:21,293,True,4564,1478148,0.0
2026-04-15T17:29:22,293,True,4564,1478148,0.0
2026-04-15T17:29:23,294,True,4564,1478148,0.0
2026-04-15T17:29:24,294,True,4564,1478148,0.0
2026-04-15T17:29:25,294,True,4564,1478148,0.0
2026-04-15T17:29:26,294,True,4564,1478148,0.0
2026-04-15T17:29:27,295,True,4564,1478148,0.0
2026-04-15T17:29:28,295,True,4564,1478148,0.0
2026-04-15T17:29:29,295,True,4564,1478148,0.0
2026-04-15T17:29:30,296,True,4564,1478148,0.0
2026-04-15T17:29:31,296,True,4564,1478148,0.0
2026-04-15T17:29:32,296,True,4564,1478148,0.0
2026-04-15T17:29:33,296,True,4564,1478148,0.0
2026-04-15T17:29:34,297,True,4564,1478148,0.0
2026-04-15T17:29:35,297,True,4564,1478148,0.0
2026-04-15T17:29:36,297,True,4564,1478148,0.0
2026-04-15T17:29:37,298,True,4564,1478148,0.0
2026-04-15T17:29:38,298,True,4564,1478148,0.0
2026-04-15T17:29:39,298,True,4564,1478148,0.0
2026-04-15T17:29:40,298,True,4564,1478148,0.0
2026-04-15T17:29:41,299,True,4564,1478148,0.0
2026-04-15T17:29:42,299,True,4564,1478148,0.0
2026-04-15T17:29:43,299,True,4564,1478148,0.0
2026-04-15T17:29:44,300,True,4564,1478148,0.0
2026-04-15T17:29:45,300,True,4564,1478148,0.0
2026-04-15T17:29:46,300,True,4564,1478148,0.0
2026-04-15T17:29:47,300,True,4564,1478148,0.0
2026-04-15T17:29:48,300,True,4564,1478148,0.0
2026-04-15T17:29:49,300,True,4564,1478148,0.0
2026-04-15T17:29:50,300,True,4564,1478148,0.0
2026-04-15T17:29:51,300,True,4564,1478148,0.0
2026-04-15T17:29:52,300,True,4564,1478148,0.0
2026-04-15T17:29:53,300,True,4564,1478148,0.0
2026-04-15T17:29:54,300,True,4564,1478148,0.0
2026-04-15T17:29:55,300,True,4564,1478148,0.0
2026-04-15T17:29:56,300,True,4564,1478148,0.0
2026-04-15T17:29:57,301,True,4564,1478148,0.0
2026-04-15T17:29:58,301,True,4564,1478148,0.0
2026-04-15T17:29:59,301,True,4564,1478148,0.0
2026-04-15T17:30:00,301,True,4564,1478148,0.0
2026-04-15T17:30:01,302,True,4564,1478148,0.0
2026-04-15T17:30:02,302,True,4564,1478148,0.0
2026-04-15T17:30:03,302,True,4564,1478148,0.0
2026-04-15T17:30:04,303,True,4564,1478148,0.0
2026-04-15T17:30:05,303,True,4564,1478148,0.0
2026-04-15T17:30:06,303,True,4564,1478148,0.0
2026-04-15T17:30:07,303,True,4564,1478148,0.0
2026-04-15T17:30:08,304,True,4564,1478148,0.0
2026-04-15T17:30:09,304,True,4564,1478148,0.0
2026-04-15T17:30:10,304,True,4564,1478148,0.0
2026-04-15T17:30:11,305,True,4564,1478148,0.0
2026-04-15T17:30:12,305,True,4564,1478148,0.0
2026-04-15T17:30:13,305,True,4564,1478148,0.0
2026-04-15T17:30:14,305,True,4564,1478148,0.0
2026-04-15T17:30:15,306,True,4564,1478148,0.0
2026-04-15T17:30:16,306,True,4564,1478148,0.0
2026-04-15T17:30:17,306,True,4564,1478148,0.0
2026-04-15T17:30:18,307,True,4564,1478148,0.0
2026-04-15T17:30:19,307,True,4564,1478148,0.0
2026-04-15T17:30:20,307,True,4564,1478148,0.0
2026-04-15T17:30:21,307,True,4564,1478148,0.0
2026-04-15T17:30:22,308,True,4564,1478148,0.0
2026-04-15T17:30:23,308,True,4564,1478148,0.0
2026-04-15T17:30:24,308,True,4564,1478148,0.0
2026-04-15T17:30:25,309,True,4564,1478148,0.0
2026-04-15T17:30:26,309,True,4564,1478148,0.0
2026-04-15T17:30:27,309,True,4564,1478148,0.0
2026-04-15T17:30:28,309,True,4564,1478148,0.0
2026-04-15T17:30:29,310,True,4564,1478148,0.0
2026-04-15T17:30:30,310,True,4564,1478148,0.0
2026-04-15T17:30:31,310,True,4564,1478148,0.0
2026-04-15T17:30:32,310,True,4564,1478148,0.0
2026-04-15T17:30:33,310,True,4564,1478148,0.0
2026-04-15T17:30:34,310,True,4564,1478148,0.0
2026-04-15T17:30:35,310,True,4564,1478148,0.0
2026-04-15T17:30:36,310,True,4564,1478148,0.0
2026-04-15T17:30:37,310,True,4564,1478148,0.0
2026-04-15T17:30:38,310,True,4564,1478148,0.0
2026-04-15T17:30:39,310,True,4564,1478148,0.0
2026-04-15T17:30:40,310,True,4564,1478148,0.0
2026-04-15T17:30:41,311,True,4564,1478148,0.0
2026-04-15T17:30:42,311,True,4564,1478148,0.0
2026-04-15T17:30:43,311,True,4564,1478148,0.0
2026-04-15T17:30:44,311,True,4564,1478148,0.0
2026-04-15T17:30:45,312,True,4564,1478148,0.0
2026-04-15T17:30:46,312,True,4564,1478148,0.0
2026-04-15T17:30:47,312,True,4564,1478148,0.0
2026-04-15T17:30:48,313,True,4564,1478148,0.0
2026-04-15T17:30:49,313,True,4564,1478148,0.0
2026-04-15T17:30:50,313,True,4564,1478148,0.0
2026-04-15T17:30:51,313,True,4564,1478148,0.0
2026-04-15T17:30:52,314,True,4564,1478148,0.0
2026-04-15T17:30:53,314,True,4564,1478148,0.0
2026-04-15T17:30:54,314,True,4564,1478148,0.0
2026-04-15T17:30:55,315,True,4564,1478148,0.0
2026-04-15T17:30:56,315,True,4564,1478148,0.0
2026-04-15T17:30:57,315,True,4564,1478148,0.0
2026-04-15T17:30:58,315,True,4564,1478148,0.0
2026-04-15T17:30:59,316,True,4564,1478148,0.0
2026-04-15T17:31:00,316,True,4564,1478148,0.0
2026-04-15T17:31:01,316,True,4564,1478148,0.0
2026-04-15T17:31:02,317,True,4564,1478148,0.0
2026-04-15T17:31:03,317,True,4564,1478148,0.0
2026-04-15T17:31:04,317,True,4564,1478148,0.0
2026-04-15T17:31:05,317,True,4564,1478148,0.0
2026-04-15T17:31:06,318,True,4564,1478148,0.0
2026-04-15T17:31:07,318,True,4564,1478148,0.0
2026-04-15T17:31:08,318,True,4564,1478148,0.0
2026-04-15T17:31:09,319,True,4564,1478148,0.0
2026-04-15T17:31:10,319,True,4564,1478148,0.0
2026-04-15T17:31:11,319,True,4564,1478148,0.0
2026-04-15T17:31:12,319,True,4564,1478148,0.0
2026-04-15T17:31:13,320,True,4564,1478148,1.0
2026-04-15T17:31:14,320,True,4564,1478148,0.0
2026-04-15T17:31:15,320,True,4564,1478148,0.0
2026-04-15T17:31:16,320,True,4564,1478148,0.0
2026-04-15T17:31:17,320,True,4564,1478148,0.0
2026-04-15T17:31:18,320,True,4564,1478148,0.0
2026-04-15T17:31:19,320,True,4564,1478148,0.0
2026-04-15T17:31:20,320,True,4564,1478148,0.0
2026-04-15T17:31:21,320,True,4564,1478148,0.0
2026-04-15T17:31:22,320,True,4564,1478148,0.0
2026-04-15T17:31:23,320,True,4564,1478148,0.0
2026-04-15T17:31:24,320,True,4564,1478148,0.0
2026-04-15T17:31:25,321,True,4564,1478148,0.0
2026-04-15T17:31:26,321,True,4564,1478148,0.0
2026-04-15T17:31:27,321,True,4564,1478148,0.0
2026-04-15T17:31:28,321,True,4564,1478148,0.0
2026-04-15T17:31:29,322,True,4564,1478148,0.0
2026-04-15T17:31:30,322,True,4564,1478148,0.0
2026-04-15T17:31:31,322,True,4564,1478148,0.0
2026-04-15T17:31:32,323,True,4564,1478148,0.0
2026-04-15T17:31:33,323,True,4564,1478148,0.0
2026-04-15T17:31:34,323,True,4564,1478148,0.0
2026-04-15T17:31:35,323,True,4564,1478148,0.0
2026-04-15T17:31:36,324,True,4564,1478148,0.0
2026-04-15T17:31:37,324,True,4564,1478148,0.0
2026-04-15T17:31:38,324,True,4564,1478148,0.0
2026-04-15T17:31:39,325,True,4564,1478148,0.0
2026-04-15T17:31:40,325,True,4564,1478148,0.0
2026-04-15T17:31:41,325,True,4564,1478148,0.0
2026-04-15T17:31:42,325,True,4564,1478148,0.0
2026-04-15T17:31:43,326,True,4564,1478148,0.0
2026-04-15T17:31:44,326,True,4564,1478148,0.0
2026-04-15T17:31:45,326,True,4564,1478148,0.0
2026-04-15T17:31:46,327,True,4564,1478148,0.0
2026-04-15T17:31:47,327,True,4564,1478148,0.0
2026-04-15T17:31:48,327,True,4564,1478148,0.0
2026-04-15T17:31:49,327,True,4564,1478148,0.0
2026-04-15T17:31:50,328,True,4564,1478148,0.0
2026-04-15T17:31:51,328,True,4564,1478148,0.0
2026-04-15T17:31:52,328,True,4564,1478148,0.0
2026-04-15T17:31:53,329,True,4564,1478148,0.0
2026-04-15T17:31:54,329,True,4564,1478148,0.0
2026-04-15T17:31:55,329,True,4564,1478148,0.0
2026-04-15T17:31:56,329,True,4564,1478148,0.0
2026-04-15T17:31:57,330,True,4564,1478148,0.0
2026-04-15T17:31:58,330,True,4564,1478148,0.0
2026-04-15T17:31:59,330,True,4564,1478148,0.0
2026-04-15T17:32:00,330,True,4564,1478148,0.0
2026-04-15T17:32:01,330,True,4564,1478148,0.0
2026-04-15T17:32:02,330,True,4564,1478148,0.0
2026-04-15T17:32:03,330,True,4564,1478148,0.0
2026-04-15T17:32:04,330,True,4564,1478148,0.0
2026-04-15T17:32:05,330,True,4564,1478148,0.0
2026-04-15T17:32:06,330,True,4564,1478148,0.0
2026-04-15T17:32:07,330,True,4564,1478148,0.0
2026-04-15T17:32:08,330,True,4564,1478148,0.0
2026-04-15T17:32:09,331,True,4564,1478148,0.0
2026-04-15T17:32:10,331,True,4564,1478148,0.0
2026-04-15T17:32:11,331,True,4564,1478148,0.0
2026-04-15T17:32:12,331,True,4564,1478148,0.0
2026-04-15T17:32:13,332,True,4564,1478148,0.0
2026-04-15T17:32:14,332,True,4564,1478148,0.0
2026-04-15T17:32:15,332,True,4564,1478148,0.0
2026-04-15T17:32:16,333,True,4564,1478148,0.0
2026-04-15T17:32:17,333,True,4564,1478148,0.0
2026-04-15T17:32:18,333,True,4564,1478148,0.0
2026-04-15T17:32:19,333,True,4564,1478148,0.0
2026-04-15T17:32:20,334,True,4564,1478148,0.0
2026-04-15T17:32:21,334,True,4564,1478148,0.0
2026-04-15T17:32:22,334,True,4564,1478148,0.0
2026-04-15T17:32:23,335,True,4564,1478148,0.0
2026-04-15T17:32:24,335,True,4564,1478148,0.0
2026-04-15T17:32:25,335,True,4564,1478148,0.0
2026-04-15T17:32:26,335,True,4564,1478148,0.0
2026-04-15T17:32:27,336,True,4564,1478148,0.0
2026-04-15T17:32:28,336,True,4564,1478148,0.0
2026-04-15T17:32:29,336,True,4564,1478148,0.0
2026-04-15T17:32:30,337,True,4564,1478148,0.0
2026-04-15T17:32:31,337,True,4564,1478148,0.0
2026-04-15T17:32:32,337,True,4564,1478148,0.0
2026-04-15T17:32:33,337,True,4564,1478148,0.0
2026-04-15T17:32:34,338,True,4564,1478148,0.0
2026-04-15T17:32:35,338,True,4564,1478148,0.0
2026-04-15T17:32:36,338,True,4564,1478148,0.0
2026-04-15T17:32:37,339,True,4564,1478148,0.0
2026-04-15T17:32:38,339,True,4564,1478148,0.0
2026-04-15T17:32:39,339,True,4564,1478148,0.0
2026-04-15T17:32:40,339,True,4564,1478148,0.0
2026-04-15T17:32:41,340,True,4564,1478148,0.0
2026-04-15T17:32:42,340,True,4564,1478148,0.0
2026-04-15T17:32:43,340,True,4564,1478148,0.0
2026-04-15T17:32:44,340,True,4564,1478148,0.0
2026-04-15T17:32:45,340,True,4564,1478148,0.0
2026-04-15T17:32:46,340,True,4564,1478148,0.0
2026-04-15T17:32:47,340,True,4564,1478148,0.0
2026-04-15T17:32:48,340,True,4564,1478148,0.0
2026-04-15T17:32:49,340,True,4564,1478148,0.0
2026-04-15T17:32:50,340,True,4564,1478148,0.0
2026-04-15T17:32:51,340,True,4564,1478148,0.0
2026-04-15T17:32:52,340,True,4564,1478148,0.0
2026-04-15T17:32:53,341,True,4564,1478148,0.0
2026-04-15T17:32:54,341,True,4564,1478148,0.0
2026-04-15T17:32:55,341,True,4564,1478148,0.0
2026-04-15T17:32:56,341,True,4564,1478148,0.0
2026-04-15T17:32:57,343,True,4564,1478148,0.0
2026-04-15T17:32:58,343,True,4564,1478148,0.0
2026-04-15T17:32:59,343,True,4564,1478148,0.0
2026-04-15T17:33:00,343,True,4564,1478148,0.0
2026-04-15T17:33:01,344,True,4564,1478148,0.0
2026-04-15T17:33:02,344,True,4564,1478148,0.0
2026-04-15T17:33:03,344,True,4564,1478148,0.0
2026-04-15T17:33:04,344,True,4564,1478148,0.0
2026-04-15T17:33:05,345,True,4564,1478148,0.0
2026-04-15T17:33:06,345,True,4564,1478148,0.0
2026-04-15T17:33:07,345,True,4564,1478148,0.0
2026-04-15T17:33:08,346,True,4564,1478148,0.0
2026-04-15T17:33:09,346,True,4564,1478148,0.0
2026-04-15T17:33:10,346,True,4564,1478148,0.0
2026-04-15T17:33:11,346,True,4564,1478148,0.0
2026-04-15T17:33:12,347,True,4564,1478148,0.0
2026-04-15T17:33:13,347,True,4564,1478148,0.0
2026-04-15T17:33:14,347,True,4564,1478148,0.0
2026-04-15T17:33:15,348,True,4564,1478148,0.0
2026-04-15T17:33:16,348,True,4564,1478148,0.0
2026-04-15T17:33:17,348,True,4564,1478148,0.0
2026-04-15T17:33:18,348,True,4564,1478148,0.0
2026-04-15T17:33:19,349,True,4564,1478148,0.0
2026-04-15T17:33:20,349,True,4564,1478148,0.0
2026-04-15T17:33:21,349,True,4564,1478148,0.0
2026-04-15T17:33:22,350,True,4564,1478148,0.0
2026-04-15T17:33:23,350,True,4564,1478148,0.0
2026-04-15T17:33:24,350,True,4564,1478148,0.0
2026-04-15T17:33:25,350,True,4564,1478148,0.0
2026-04-15T17:33:26,350,True,4564,1478148,0.0
2026-04-15T17:33:27,350,True,4564,1478148,0.0
2026-04-15T17:33:28,350,True,4564,1478148,0.0
2026-04-15T17:33:29,350,True,4564,1478148,0.0
2026-04-15T17:33:30,350,True,4564,1478148,0.0
2026-04-15T17:33:31,350,True,4564,1478148,0.0
2026-04-15T17:33:32,350,True,4564,1478148,0.0
2026-04-15T17:33:33,350,True,4564,1478148,0.0
2026-04-15T17:33:34,350,True,4564,1478148,0.0
2026-04-15T17:33:35,351,True,4564,1478148,0.0
2026-04-15T17:33:36,351,True,4564,1478148,0.0
2026-04-15T17:33:37,351,True,4564,1478148,0.0
2026-04-15T17:33:38,352,True,4564,1478148,1.0
2026-04-15T17:33:39,352,True,4564,1478148,0.0
2026-04-15T17:33:40,352,True,4564,1478148,0.0
2026-04-15T17:33:41,352,True,4564,1478148,0.0
2026-04-15T17:33:42,353,True,4564,1478148,0.0
2026-04-15T17:33:43,353,True,4564,1478148,0.0
2026-04-15T17:33:44,353,True,4564,1478148,0.0
2026-04-15T17:33:45,354,True,4564,1478148,0.0
2026-04-15T17:33:46,354,True,4564,1478148,0.0
2026-04-15T17:33:47,354,True,4564,1478148,0.0
2026-04-15T17:33:48,354,True,4564,1478148,0.0
2026-04-15T17:33:49,355,True,4564,1478148,0.0
2026-04-15T17:33:50,355,True,4564,1478148,0.0
2026-04-15T17:33:51,355,True,4564,1478148,0.0
2026-04-15T17:33:52,356,True,4564,1478148,0.0
2026-04-15T17:33:53,356,True,4564,1478148,0.0
2026-04-15T17:33:54,356,True,4564,1478148,0.0
2026-04-15T17:33:55,356,True,4564,1478148,0.0
2026-04-15T17:33:56,357,True,4564,1478148,0.0
2026-04-15T17:33:57,357,True,4564,1478148,0.0
2026-04-15T17:33:58,357,True,4564,1478148,0.0
2026-04-15T17:33:59,358,True,4564,1478148,0.0
2026-04-15T17:34:00,358,True,4564,1478148,0.0
2026-04-15T17:34:01,358,True,4564,1478148,0.0
2026-04-15T17:34:02,358,True,4564,1478148,0.0
2026-04-15T17:34:03,359,True,4564,1478148,0.0
2026-04-15T17:34:04,359,True,4564,1478148,0.0
2026-04-15T17:34:05,359,True,4564,1478148,0.0
2026-04-15T17:34:06,360,True,4564,1478148,0.0
2026-04-15T17:34:07,360,True,4564,1478148,0.0
2026-04-15T17:34:08,360,True,4564,1478148,0.0
2026-04-15T17:34:09,360,True,4564,1478148,0.0
2026-04-15T17:34:10,360,True,4564,1478148,0.0
2026-04-15T17:34:11,360,True,4564,1478148,0.0
2026-04-15T17:34:12,360,True,4564,1478148,0.0
2026-04-15T17:34:13,360,True,4564,1478148,0.0
2026-04-15T17:34:14,360,True,4564,1478148,0.0
2026-04-15T17:34:15,360,True,4564,1478148,0.0
2026-04-15T17:34:16,360,True,4564,1478148,0.0
2026-04-15T17:34:17,360,True,4564,1478148,0.0
2026-04-15T17:34:19,360,True,4564,1478148,0.0
2026-04-15T17:34:20,361,True,4564,1478148,0.0
2026-04-15T17:34:21,361,True,4564,1478148,0.0
2026-04-15T17:34:22,361,True,4564,1478148,0.0
2026-04-15T17:34:23,362,True,4564,1478148,0.0
2026-04-15T17:34:24,362,True,4564,1478148,0.0
2026-04-15T17:34:25,362,True,4564,1478148,0.0
2026-04-15T17:34:26,362,True,4564,1478148,0.0
2026-04-15T17:34:27,363,True,4564,1478148,1.0
2026-04-15T17:34:28,363,True,4564,1478148,0.0
2026-04-15T17:34:29,363,True,4564,1478148,0.0
2026-04-15T17:34:30,364,True,4564,1478148,0.0
2026-04-15T17:34:31,364,True,4564,1478148,0.0
2026-04-15T17:34:32,364,True,4564,1478148,0.0
2026-04-15T17:34:33,364,True,4564,1478148,0.0
2026-04-15T17:34:34,365,True,4564,1478148,0.0
2026-04-15T17:34:35,365,True,4564,1478148,0.0
2026-04-15T17:34:36,365,True,4564,1478148,0.0
2026-04-15T17:34:37,366,True,4564,1478148,0.0
2026-04-15T17:34:38,366,True,4564,1478148,0.0
2026-04-15T17:34:39,366,True,4564,1478148,0.0
2026-04-15T17:34:40,366,True,4564,1478148,0.0
2026-04-15T17:34:41,367,True,4564,1478148,0.0
2026-04-15T17:34:42,367,True,4564,1478148,0.0
2026-04-15T17:34:43,367,True,4564,1478148,0.0
2026-04-15T17:34:44,368,True,4564,1478148,0.0
2026-04-15T17:34:45,368,True,4564,1478148,0.0
2026-04-15T17:34:46,368,True,4564,1478148,0.0
2026-04-15T17:34:47,368,True,4564,1478148,0.0
2026-04-15T17:34:48,369,True,4564,1478148,0.0
2026-04-15T17:34:49,369,True,4564,1478148,0.0
2026-04-15T17:34:50,369,True,4564,1478148,0.0
2026-04-15T17:34:51,370,True,4564,1478148,0.0
2026-04-15T17:34:52,370,True,4564,1478148,0.0
2026-04-15T17:34:53,370,True,4564,1478148,0.0
2026-04-15T17:34:54,370,True,4564,1478148,0.0
2026-04-15T17:34:55,370,True,4564,1478148,0.0
2026-04-15T17:34:56,370,True,4564,1478148,0.0
2026-04-15T17:34:57,370,True,4564,1478148,0.0
2026-04-15T17:34:58,370,True,4564,1478148,0.0
2026-04-15T17:34:59,370,True,4564,1478148,0.0
2026-04-15T17:35:00,370,True,4564,1478148,0.0
2026-04-15T17:35:01,370,True,4564,1478148,0.0
2026-04-15T17:35:02,370,True,4564,1478148,0.0
2026-04-15T17:35:03,370,True,4564,1478148,0.0
2026-04-15T17:35:04,371,True,4564,1478148,0.0
2026-04-15T17:35:05,371,True,4564,1478148,0.0
2026-04-15T17:35:06,371,True,4564,1478148,0.0
2026-04-15T17:35:07,372,True,4564,1478148,0.0
2026-04-15T17:35:08,372,True,4564,1478148,0.0
2026-04-15T17:35:09,372,True,4564,1478148,0.0
2026-04-15T17:35:10,372,True,4564,1478148,0.0
2026-04-15T17:35:11,373,True,4564,1478148,0.0
2026-04-15T17:35:12,373,True,4564,1478148,0.0
2026-04-15T17:35:13,373,True,4564,1478148,0.0
2026-04-15T17:35:14,374,True,4564,1478148,0.0
2026-04-15T17:35:15,374,True,4564,1478148,0.0
2026-04-15T17:35:16,374,True,4564,1478148,0.0
2026-04-15T17:35:17,374,True,4564,1478148,0.0
2026-04-15T17:35:18,375,True,4564,1478148,0.0
2026-04-15T17:35:19,375,True,4564,1478148,0.0
2026-04-15T17:35:20,375,True,4564,1478148,0.0
2026-04-15T17:35:21,376,True,4564,1478148,0.0
2026-04-15T17:35:22,376,True,4564,1478148,0.0
2026-04-15T17:35:23,376,True,4564,1478148,0.0
2026-04-15T17:35:24,376,True,4564,1478148,0.0
2026-04-15T17:35:25,377,True,4564,1478148,0.0
2026-04-15T17:35:26,377,True,4564,1478148,0.0
2026-04-15T17:35:27,377,True,4564,1478148,0.0
2026-04-15T17:35:28,378,True,4564,1478148,0.0
2026-04-15T17:35:29,378,True,4564,1478148,0.0
2026-04-15T17:35:30,378,True,4564,1478148,0.0
2026-04-15T17:35:31,378,True,4564,1478148,0.0
2026-04-15T17:35:32,379,True,4564,1478148,0.0
2026-04-15T17:35:33,379,True,4564,1478148,0.0
2026-04-15T17:35:34,379,True,4564,1478148,0.0
2026-04-15T17:35:35,380,True,4564,1478148,0.0
2026-04-15T17:35:36,380,True,4564,1478148,0.0
2026-04-15T17:35:37,380,True,4564,1478148,0.0
2026-04-15T17:35:38,380,True,4564,1478148,0.0
2026-04-15T17:35:39,380,True,4564,1478148,0.0
2026-04-15T17:35:40,380,True,4564,1478148,0.0
2026-04-15T17:35:41,380,True,4564,1478148,0.0
2026-04-15T17:35:42,380,True,4564,1478148,0.0
2026-04-15T17:35:43,380,True,4564,1478148,0.0
2026-04-15T17:35:44,380,True,4564,1478148,0.0
2026-04-15T17:35:45,380,True,4564,1478148,0.0
2026-04-15T17:35:46,380,True,4564,1478148,0.0
2026-04-15T17:35:47,380,True,4564,1478148,0.0
2026-04-15T17:35:48,381,True,4564,1478148,0.0
2026-04-15T17:35:49,381,True,4564,1478148,0.0
2026-04-15T17:35:50,381,True,4564,1478148,0.0
2026-04-15T17:35:51,382,True,4564,1478148,0.0
2026-04-15T17:35:52,382,True,4564,1478148,0.0
2026-04-15T17:35:53,382,True,4564,1478148,0.0
2026-04-15T17:35:54,382,True,4564,1478148,0.0
2026-04-15T17:35:55,383,True,4564,1478148,0.0
2026-04-15T17:35:56,383,True,4564,1478148,0.0
2026-04-15T17:35:57,383,True,4564,1478148,0.0
2026-04-15T17:35:58,384,True,4564,1478148,0.0
2026-04-15T17:35:59,384,True,4564,1478148,0.0
2026-04-15T17:36:00,384,True,4564,1478148,0.0
2026-04-15T17:36:01,384,True,4564,1478148,0.0
2026-04-15T17:36:02,385,True,4564,1478148,0.0
2026-04-15T17:36:03,385,True,4564,1478148,0.0
2026-04-15T17:36:04,385,True,4564,1478148,0.0
2026-04-15T17:36:05,386,True,4564,1478148,0.0
2026-04-15T17:36:06,386,True,4564,1478148,0.0
2026-04-15T17:36:07,386,True,4564,1478148,0.0
2026-04-15T17:36:08,386,True,4564,1478148,0.0
2026-04-15T17:36:09,387,True,4564,1478148,0.0
2026-04-15T17:36:10,387,True,4564,1478148,0.0
2026-04-15T17:36:11,387,True,4564,1478148,0.0
2026-04-15T17:36:12,388,True,4564,1478148,0.0
2026-04-15T17:36:13,388,True,4564,1478148,0.0
2026-04-15T17:36:14,388,True,4564,1478148,0.0
2026-04-15T17:36:15,388,True,4564,1478148,0.0
2026-04-15T17:36:16,389,True,4564,1478148,0.0
2026-04-15T17:36:17,389,True,4564,1478148,0.0
2026-04-15T17:36:18,389,True,4564,1478148,0.0
2026-04-15T17:36:19,389,True,4564,1478148,0.0
2026-04-15T17:36:20,390,True,4564,1478148,0.0
2026-04-15T17:36:21,390,True,4564,1478148,0.0
2026-04-15T17:36:22,390,True,4564,1478148,0.0
2026-04-15T17:36:23,390,True,4564,1478148,0.0
2026-04-15T17:36:24,390,True,4564,1478148,0.0
2026-04-15T17:36:25,390,True,4564,1478148,0.0
2026-04-15T17:36:26,390,True,4564,1478148,0.0
2026-04-15T17:36:27,390,True,4564,1478148,0.0
2026-04-15T17:36:28,390,True,4564,1478148,0.0
2026-04-15T17:36:29,390,True,4564,1478148,0.0
2026-04-15T17:36:30,390,True,4564,1478148,0.0
2026-04-15T17:36:31,390,True,4564,1478148,0.0
2026-04-15T17:36:32,391,True,4564,1478148,0.0
2026-04-15T17:36:33,391,True,4564,1478148,0.0
2026-04-15T17:36:34,391,True,4564,1478148,0.0
2026-04-15T17:36:35,391,True,4564,1478148,0.0
2026-04-15T17:36:36,392,True,4564,1478148,0.0
2026-04-15T17:36:37,392,True,4564,1478148,0.0
2026-04-15T17:36:38,392,True,4564,1478148,0.0
2026-04-15T17:36:39,393,True,4564,1478148,0.0
2026-04-15T17:36:40,393,True,4564,1478148,0.0
2026-04-15T17:36:41,393,True,4564,1478148,0.0
2026-04-15T17:36:42,393,True,4564,1478148,0.0
2026-04-15T17:36:43,394,True,4564,1478148,0.0
2026-04-15T17:36:44,394,True,4564,1478148,0.0
2026-04-15T17:36:45,394,True,4564,1478148,0.0
2026-04-15T17:36:46,395,True,4564,1478148,0.0
2026-04-15T17:36:47,395,True,4564,1478148,0.0
2026-04-15T17:36:48,395,True,4564,1478148,0.0
2026-04-15T17:36:49,395,True,4564,1478148,0.0
2026-04-15T17:36:50,396,True,4564,1478148,0.0
2026-04-15T17:36:51,396,True,4564,1478148,0.0
2026-04-15T17:36:52,396,True,4564,1478148,0.0
2026-04-15T17:36:53,397,True,4564,1478148,0.0
2026-04-15T17:36:54,397,True,4564,1478148,0.0
2026-04-15T17:36:55,397,True,4564,1478148,0.0
2026-04-15T17:36:56,397,True,4564,1478148,0.0
2026-04-15T17:36:57,398,True,4564,1478148,1.0
2026-04-15T17:36:58,398,True,4564,1478148,0.0
2026-04-15T17:36:59,398,True,4564,1478148,0.0
2026-04-15T17:37:00,399,True,4564,1478148,0.0
2026-04-15T17:37:01,399,True,4564,1478148,0.0
2026-04-15T17:37:02,399,True,4564,1478148,0.0
2026-04-15T17:37:03,399,True,4564,1478148,0.0
2026-04-15T17:37:04,400,True,4564,1478148,0.0
2026-04-15T17:37:05,400,True,4564,1478148,0.0
2026-04-15T17:37:06,400,True,4564,1478148,0.0
2026-04-15T17:37:07,400,True,4564,1478148,0.0
2026-04-15T17:37:08,400,True,4564,1478148,0.0
2026-04-15T17:37:09,400,True,4564,1478148,0.0
2026-04-15T17:37:10,400,True,4564,1478148,0.0
2026-04-15T17:37:11,400,True,4564,1478148,0.0
2026-04-15T17:37:12,400,True,4564,1478148,0.0
2026-04-15T17:37:13,400,True,4564,1478148,0.0
2026-04-15T17:37:14,400,True,4564,1478148,0.0
2026-04-15T17:37:15,400,True,4564,1478148,0.0
2026-04-15T17:37:16,401,True,4564,1478148,0.0
2026-04-15T17:37:17,401,True,4564,1478148,0.0
2026-04-15T17:37:18,401,True,4564,1478148,0.0
2026-04-15T17:37:19,401,True,4564,1478148,0.0
2026-04-15T17:37:20,402,True,4564,1478148,0.0
2026-04-15T17:37:21,402,True,4564,1478148,0.0
2026-04-15T17:37:22,402,True,4564,1478148,0.0
2026-04-15T17:37:23,403,True,4564,1478148,0.0
2026-04-15T17:37:24,403,True,4564,1478148,0.0
2026-04-15T17:37:25,403,True,4564,1478148,0.0
2026-04-15T17:37:26,403,True,4564,1478148,0.0
2026-04-15T17:37:27,404,True,4564,1478148,0.0
2026-04-15T17:37:28,404,True,4564,1478148,0.0
2026-04-15T17:37:29,404,True,4564,1478148,0.0
2026-04-15T17:37:30,405,True,4564,1478148,0.0
2026-04-15T17:37:31,405,True,4564,1478148,0.0
2026-04-15T17:37:32,405,True,4564,1478148,0.0
2026-04-15T17:37:33,405,True,4564,1478148,0.0
2026-04-15T17:37:34,406,True,4564,1478148,0.0
2026-04-15T17:37:35,406,True,4564,1478148,0.0
2026-04-15T17:37:36,406,True,4564,1478148,0.0
2026-04-15T17:37:37,407,True,4564,1478148,0.0
2026-04-15T17:37:38,407,True,4564,1478148,0.0
2026-04-15T17:37:39,407,True,4564,1478148,0.0
2026-04-15T17:37:40,407,True,4564,1478148,0.0
2026-04-15T17:37:41,408,True,4564,1478148,0.0
2026-04-15T17:37:42,408,True,4564,1478148,0.0
2026-04-15T17:37:43,408,True,4564,1478148,0.0
2026-04-15T17:37:44,409,True,4564,1478148,0.0
2026-04-15T17:37:45,409,True,4564,1478148,0.0
2026-04-15T17:37:46,409,True,4564,1478148,0.0
2026-04-15T17:37:47,409,True,4564,1478148,0.0
2026-04-15T17:37:48,410,True,4564,1478148,0.0
2026-04-15T17:37:49,410,True,4564,1478148,0.0
2026-04-15T17:37:50,410,True,4564,1478148,0.0
2026-04-15T17:37:51,410,True,4564,1478148,0.0
2026-04-15T17:37:52,410,True,4564,1478148,0.0
2026-04-15T17:37:53,410,True,4564,1478148,0.0
2026-04-15T17:37:54,410,True,4564,1478148,0.0
2026-04-15T17:37:55,410,True,4564,1478148,0.0
2026-04-15T17:37:56,410,True,4564,1478148,0.0
2026-04-15T17:37:57,410,True,4564,1478148,0.0
2026-04-15T17:37:58,410,True,4564,1478148,0.0
2026-04-15T17:37:59,410,True,4564,1478148,0.0
2026-04-15T17:38:00,411,True,4564,1478148,0.0
2026-04-15T17:38:01,412,True,4564,1478148,0.0
2026-04-15T17:38:02,412,True,4564,1478148,0.0
2026-04-15T17:38:03,412,True,4564,1478148,0.0
2026-04-15T17:38:04,413,True,4564,1478148,0.0
2026-04-15T17:38:05,413,True,4564,1478148,0.0
2026-04-15T17:38:06,413,True,4564,1478148,0.0
2026-04-15T17:38:07,413,True,4564,1478148,0.0
2026-04-15T17:38:08,414,True,4564,1478148,0.0
2026-04-15T17:38:09,414,True,4564,1478148,0.0
2026-04-15T17:38:10,414,True,4564,1478148,0.0
2026-04-15T17:38:11,415,True,4564,1478148,0.0
2026-04-15T17:38:12,415,True,4564,1478148,0.0
2026-04-15T17:38:13,415,True,4564,1478148,0.0
2026-04-15T17:38:14,415,True,4564,1478148,0.0
2026-04-15T17:38:15,416,True,4564,1478148,0.0
2026-04-15T17:38:16,416,True,4564,1478148,0.0
2026-04-15T17:38:17,416,True,4564,1478148,0.0
2026-04-15T17:38:18,417,True,4564,1478148,0.0
2026-04-15T17:38:19,417,True,4564,1478148,0.0
2026-04-15T17:38:20,417,True,4564,1478148,0.0
2026-04-15T17:38:21,417,True,4564,1478148,0.0
2026-04-15T17:38:22,418,True,4564,1478148,0.0
2026-04-15T17:38:23,418,True,4564,1478148,0.0
2026-04-15T17:38:24,418,True,4564,1478148,0.0
2026-04-15T17:38:25,419,True,4564,1478148,0.0
2026-04-15T17:38:26,419,True,4564,1478148,0.0
2026-04-15T17:38:27,419,True,4564,1478148,0.0
2026-04-15T17:38:28,419,True,4564,1478148,0.0
2026-04-15T17:38:29,420,True,4564,1478148,0.0
2026-04-15T17:38:30,420,True,4564,1478148,0.0
2026-04-15T17:38:31,420,True,4564,1478148,0.0
2026-04-15T17:38:32,420,True,4564,1478148,0.0
2026-04-15T17:38:33,420,True,4564,1478148,0.0
2026-04-15T17:38:34,420,True,4564,1478148,0.0
2026-04-15T17:38:35,420,True,4564,1478148,0.0
2026-04-15T17:38:36,420,True,4564,1478148,0.0
2026-04-15T17:38:37,420,True,4564,1478148,0.0
2026-04-15T17:38:38,420,True,4564,1478148,0.0
2026-04-15T17:38:39,420,True,4564,1478148,0.0
2026-04-15T17:38:40,420,True,4564,1478148,0.0
2026-04-15T17:38:41,421,True,4564,1478148,0.0
2026-04-15T17:38:42,421,True,4564,1478148,0.0
2026-04-15T17:38:43,421,True,4564,1478148,0.0
2026-04-15T17:38:44,421,True,4564,1478148,0.0
2026-04-15T17:38:45,422,True,4564,1478148,0.0
2026-04-15T17:38:46,422,True,4564,1478148,0.0
2026-04-15T17:38:47,422,True,4564,1478148,0.0
2026-04-15T17:38:48,423,True,4564,1478148,0.0
2026-04-15T17:38:49,423,True,4564,1478148,0.0
2026-04-15T17:38:50,423,True,4564,1478148,0.0
2026-04-15T17:38:51,423,True,4564,1478148,0.0
2026-04-15T17:38:52,424,True,4564,1478148,0.0
2026-04-15T17:38:53,424,True,4564,1478148,0.0
2026-04-15T17:38:54,424,True,4564,1478148,0.0
2026-04-15T17:38:55,425,True,4564,1478148,0.0
2026-04-15T17:38:56,425,True,4564,1478148,0.0
2026-04-15T17:38:57,425,True,4564,1478148,0.0
2026-04-15T17:38:58,425,True,4564,1478148,0.0
2026-04-15T17:38:59,426,True,4564,1478148,0.0
2026-04-15T17:39:00,426,True,4564,1478148,0.0
2026-04-15T17:39:01,426,True,4564,1478148,0.0
2026-04-15T17:39:02,427,True,4564,1478148,0.0
2026-04-15T17:39:03,427,True,4564,1478148,0.0
2026-04-15T17:39:04,427,True,4564,1478148,0.0
2026-04-15T17:39:05,427,True,4564,1478148,0.0
2026-04-15T17:39:06,428,True,4564,1478148,0.0
2026-04-15T17:39:07,428,True,4564,1478148,0.0
2026-04-15T17:39:08,428,True,4564,1478148,0.0
2026-04-15T17:39:09,429,True,4564,1478148,0.0
2026-04-15T17:39:10,429,True,4564,1478148,0.0
2026-04-15T17:39:11,429,True,4564,1478148,0.0
2026-04-15T17:39:12,429,True,4564,1478148,0.0
2026-04-15T17:39:13,430,True,4564,1478148,0.0
2026-04-15T17:39:14,430,True,4564,1478148,0.0
2026-04-15T17:39:15,430,True,4564,1478148,0.0
2026-04-15T17:39:16,430,True,4564,1478148,0.0
2026-04-15T17:39:17,430,True,4564,1478148,0.0
2026-04-15T17:39:18,430,True,4564,1478148,0.0
2026-04-15T17:39:19,430,True,4564,1478148,0.0
2026-04-15T17:39:20,430,True,4564,1478148,0.0
2026-04-15T17:39:21,430,True,4564,1478148,0.0
2026-04-15T17:39:22,430,True,4564,1478148,0.0
2026-04-15T17:39:23,430,True,4564,1478148,0.0
2026-04-15T17:39:24,430,True,4564,1478148,0.0
2026-04-15T17:39:25,431,True,4564,1478148,0.0
2026-04-15T17:39:26,431,True,4564,1478148,0.0
2026-04-15T17:39:27,431,True,4564,1478148,0.0
2026-04-15T17:39:28,431,True,4564,1478148,0.0
2026-04-15T17:39:29,432,True,4564,1478148,0.0
2026-04-15T17:39:30,432,True,4564,1478148,0.0
2026-04-15T17:39:31,432,True,4564,1478148,0.0
2026-04-15T17:39:32,433,True,4564,1478148,0.0
2026-04-15T17:39:33,433,True,4564,1478148,0.0
2026-04-15T17:39:34,433,True,4564,1478148,0.0
2026-04-15T17:39:35,433,True,4564,1478148,0.0
2026-04-15T17:39:36,434,True,4564,1478148,0.0
2026-04-15T17:39:37,434,True,4564,1478148,0.0
2026-04-15T17:39:38,434,True,4564,1478148,0.0
2026-04-15T17:39:39,435,True,4564,1478148,0.0
2026-04-15T17:39:40,435,True,4564,1478148,0.0
2026-04-15T17:39:41,435,True,4564,1478148,0.0
2026-04-15T17:39:42,435,True,4564,1478148,0.0
2026-04-15T17:39:43,436,True,4564,1478148,0.0
2026-04-15T17:39:44,436,True,4564,1478148,0.0
2026-04-15T17:39:45,436,True,4564,1478148,0.0
2026-04-15T17:39:46,436,True,4564,1478148,0.0
2026-04-15T17:39:47,437,True,4564,1478148,0.0
2026-04-15T17:39:48,437,True,4564,1478148,0.0
2026-04-15T17:39:49,437,True,4564,1478148,0.0
2026-04-15T17:39:50,438,True,4564,1478148,0.0
2026-04-15T17:39:51,438,True,4564,1478148,0.0
2026-04-15T17:39:52,438,True,4564,1478148,0.0
2026-04-15T17:39:53,438,True,4564,1478148,0.0
2026-04-15T17:39:54,439,True,4564,1478148,0.0
2026-04-15T17:39:55,439,True,4564,1478148,0.0
2026-04-15T17:39:56,439,True,4564,1478148,0.0
2026-04-15T17:39:57,440,True,4564,1478148,0.0
2026-04-15T17:39:58,440,True,4564,1478148,0.0
2026-04-15T17:39:59,440,True,4564,1478148,0.0
2026-04-15T17:40:00,440,True,4564,1478148,0.0
2026-04-15T17:40:01,440,True,4564,1478148,0.0
2026-04-15T17:40:02,440,True,4564,1478148,0.0
2026-04-15T17:40:03,440,True,4564,1478148,0.0
2026-04-15T17:40:04,440,True,4564,1478148,0.0
2026-04-15T17:40:05,440,True,4564,1478148,0.0
2026-04-15T17:40:06,440,True,4564,1478148,0.0
2026-04-15T17:40:07,440,True,4564,1478148,0.0
2026-04-15T17:40:08,440,True,4564,1478148,0.0
2026-04-15T17:40:09,440,True,4564,1478148,0.0
2026-04-15T17:40:10,441,True,4564,1478148,0.0
2026-04-15T17:40:11,441,True,4564,1478148,0.0
2026-04-15T17:40:12,441,True,4564,1478148,0.0
2026-04-15T17:40:13,442,True,4564,1478148,0.0
2026-04-15T17:40:14,442,True,4564,1478148,0.0
2026-04-15T17:40:15,442,True,4564,1478148,0.0
2026-04-15T17:40:16,442,True,4564,1478148,0.0
2026-04-15T17:40:17,443,True,4564,1478148,0.0
2026-04-15T17:40:18,443,True,4564,1478148,0.0
2026-04-15T17:40:19,443,True,4564,1478148,0.0
2026-04-15T17:40:20,444,True,4564,1478148,0.0
2026-04-15T17:40:21,444,True,4564,1478148,0.0
2026-04-15T17:40:22,444,True,4564,1478148,0.0
2026-04-15T17:40:23,444,True,4564,1478148,0.0
2026-04-15T17:40:24,445,True,4564,1478148,0.0
2026-04-15T17:40:25,445,True,4564,1478148,0.0
2026-04-15T17:40:26,445,True,4564,1478148,0.0
2026-04-15T17:40:27,446,True,4564,1478148,0.0
2026-04-15T17:40:28,446,True,4564,1478148,0.0
2026-04-15T17:40:29,446,True,4564,1478148,0.0
2026-04-15T17:40:30,446,True,4564,1478148,0.0
2026-04-15T17:40:31,447,True,4564,1478148,0.0
2026-04-15T17:40:32,447,True,4564,1478148,0.0
2026-04-15T17:40:33,447,True,4564,1478148,0.0
2026-04-15T17:40:34,448,True,4564,1478148,0.0
2026-04-15T17:40:35,448,True,4564,1478148,0.0
2026-04-15T17:40:36,448,True,4564,1478148,0.0
2026-04-15T17:40:37,448,True,4564,1478148,0.0
2026-04-15T17:40:38,449,True,4564,1478148,0.0
2026-04-15T17:40:39,449,True,4564,1478148,0.0
2026-04-15T17:40:40,449,True,4564,1478148,0.0
2026-04-15T17:40:41,450,True,4564,1478148,0.0
2026-04-15T17:40:42,450,True,4564,1478148,0.0
2026-04-15T17:40:43,450,True,4564,1478148,0.0
2026-04-15T17:40:44,450,True,4564,1478148,0.0
2026-04-15T17:40:45,450,True,4564,1478148,1.0
2026-04-15T17:40:46,450,True,4564,1478148,0.0
2026-04-15T17:40:47,450,True,4564,1478148,0.0
2026-04-15T17:40:48,450,True,4564,1478148,0.0
2026-04-15T17:40:49,450,True,4564,1478148,0.0
2026-04-15T17:40:50,450,True,4564,1478148,0.0
2026-04-15T17:40:51,450,True,4564,1478148,0.0
2026-04-15T17:40:52,450,True,4564,1478148,0.0
2026-04-15T17:40:53,450,True,4564,1478148,0.0
2026-04-15T17:40:54,451,True,4564,1478148,0.0
2026-04-15T17:40:55,451,True,4564,1478148,0.0
2026-04-15T17:40:56,451,True,4564,1478148,0.0
2026-04-15T17:40:57,452,True,4564,1478148,0.0
2026-04-15T17:40:58,452,True,4564,1478148,0.0
2026-04-15T17:40:59,452,True,4564,1478148,0.0
2026-04-15T17:41:00,452,True,4564,1478148,0.0
2026-04-15T17:41:01,453,True,4564,1478148,0.0
2026-04-15T17:41:02,453,True,4564,1478148,0.0
2026-04-15T17:41:03,453,True,4564,1478148,0.0
2026-04-15T17:41:04,454,True,4564,1478148,0.0
2026-04-15T17:41:05,454,True,4564,1478148,0.0
2026-04-15T17:41:06,454,True,4564,1478148,0.0
2026-04-15T17:41:07,454,True,4564,1478148,0.0
2026-04-15T17:41:08,455,True,4564,1478148,0.0
2026-04-15T17:41:09,455,True,4564,1478148,0.0
2026-04-15T17:41:10,455,True,4564,1478148,0.0
2026-04-15T17:41:11,456,True,4564,1478148,0.0
2026-04-15T17:41:12,456,True,4564,1478148,0.0
2026-04-15T17:41:13,456,True,4564,1478148,0.0
2026-04-15T17:41:14,456,True,4564,1478148,0.0
2026-04-15T17:41:15,457,True,4564,1478148,0.0
2026-04-15T17:41:16,457,True,4564,1478148,0.0
2026-04-15T17:41:17,457,True,4564,1478148,0.0
2026-04-15T17:41:18,458,True,4564,1478148,0.0
2026-04-15T17:41:19,458,True,4564,1478148,0.0
2026-04-15T17:41:20,458,True,4564,1478148,0.0
2026-04-15T17:41:21,458,True,4564,1478148,0.0
2026-04-15T17:41:22,459,True,4564,1478148,0.0
2026-04-15T17:41:23,459,True,4564,1478148,0.0
2026-04-15T17:41:24,459,True,4564,1478148,0.0
2026-04-15T17:41:25,460,True,4564,1478148,0.0
2026-04-15T17:41:26,460,True,4564,1478148,0.0
2026-04-15T17:41:27,460,True,4564,1478148,0.0
2026-04-15T17:41:28,460,True,4564,1478148,0.0
2026-04-15T17:41:29,460,True,4564,1478148,0.0
2026-04-15T17:41:30,460,True,4564,1478148,0.0
2026-04-15T17:41:31,460,True,4564,1478148,0.0
2026-04-15T17:41:32,460,True,4564,1478148,0.0
2026-04-15T17:41:33,460,True,4564,1478148,0.0
2026-04-15T17:41:34,460,True,4564,1478148,0.0
2026-04-15T17:41:35,460,True,4564,1478148,0.0
2026-04-15T17:41:36,460,True,4564,1478148,0.0
2026-04-15T17:41:37,460,True,4564,1478148,0.0
2026-04-15T17:41:38,461,True,4564,1478148,1.0
2026-04-15T17:41:39,461,True,4564,1478148,0.0
2026-04-15T17:41:40,461,True,4564,1478148,0.0
2026-04-15T17:41:41,462,True,4564,1478148,0.0
2026-04-15T17:41:42,462,True,4564,1478148,0.0
2026-04-15T17:41:43,462,True,4564,1478148,0.0
2026-04-15T17:41:44,462,True,4564,1478148,0.0
2026-04-15T17:41:45,463,True,4564,1478148,0.0
2026-04-15T17:41:46,463,True,4564,1478148,0.0
2026-04-15T17:41:47,463,True,4564,1478148,0.0
2026-04-15T17:41:48,464,True,4564,1478148,0.0
2026-04-15T17:41:49,464,True,4564,1478148,0.0
2026-04-15T17:41:50,464,True,4564,1478148,0.0
2026-04-15T17:41:51,464,True,4564,1478148,0.0
2026-04-15T17:41:52,465,True,4564,1478148,0.0
2026-04-15T17:41:53,465,True,4564,1478148,0.0
2026-04-15T17:41:54,465,True,4564,1478148,0.0
2026-04-15T17:41:55,466,True,4564,1478148,0.0
2026-04-15T17:41:56,466,True,4564,1478148,0.0
2026-04-15T17:41:57,466,True,4564,1478148,0.0
2026-04-15T17:41:58,466,True,4564,1478148,0.0
2026-04-15T17:41:59,467,True,4564,1478148,0.0
2026-04-15T17:42:00,467,True,4564,1478148,0.0
2026-04-15T17:42:01,467,True,4564,1478148,0.0
2026-04-15T17:42:02,468,True,4564,1478148,0.0
2026-04-15T17:42:03,468,True,4564,1478148,0.0
2026-04-15T17:42:04,468,True,4564,1478148,0.0
2026-04-15T17:42:05,468,True,4564,1478148,0.0
2026-04-15T17:42:06,469,True,4568,1478148,0.0
2026-04-15T17:42:07,469,True,4568,1478148,0.0
2026-04-15T17:42:08,469,True,4568,1478148,0.0
2026-04-15T17:42:09,470,True,4580,1486344,0.0
2026-04-15T17:42:10,470,True,4580,1486344,0.0
2026-04-15T17:42:11,470,True,4580,1486344,0.0
2026-04-15T17:42:12,470,True,4580,1486344,0.0
2026-04-15T17:42:13,470,True,4580,1486344,0.0
2026-04-15T17:42:14,470,True,4580,1486344,0.0
2026-04-15T17:42:15,470,True,4580,1486344,0.0
2026-04-15T17:42:16,470,True,4580,1486344,0.0
2026-04-15T17:42:17,470,True,4580,1486344,0.0
2026-04-15T17:42:18,470,True,4580,1486344,0.0
2026-04-15T17:42:19,470,True,4580,1486344,0.0
2026-04-15T17:42:20,470,True,4580,1486344,0.0
2026-04-15T17:42:21,470,True,4580,1486344,0.0
2026-04-15T17:42:22,471,True,4580,1486344,0.0
2026-04-15T17:42:23,471,True,4580,1486344,0.0
2026-04-15T17:42:24,471,True,4580,1486344,0.0
2026-04-15T17:42:25,472,True,4580,1486344,0.0
2026-04-15T17:42:26,472,True,4580,1486344,0.0
2026-04-15T17:42:27,472,True,4580,1486344,0.0
2026-04-15T17:42:28,472,True,4580,1486344,0.0
2026-04-15T17:42:29,473,True,4580,1486344,0.0
2026-04-15T17:42:30,473,True,4580,1486344,0.0
2026-04-15T17:42:31,473,True,4580,1486344,0.0
2026-04-15T17:42:32,474,True,4580,1486344,0.0
2026-04-15T17:42:33,474,True,4580,1486344,0.0
2026-04-15T17:42:34,474,True,4580,1486344,0.0
2026-04-15T17:42:35,474,True,4580,1486344,0.0
2026-04-15T17:42:36,475,True,4580,1486344,0.0
2026-04-15T17:42:37,475,True,4580,1486344,0.0
2026-04-15T17:42:38,475,True,4580,1486344,0.0
2026-04-15T17:42:39,476,True,4580,1486344,0.0
2026-04-15T17:42:40,476,True,4580,1486344,0.0
2026-04-15T17:42:41,476,True,4580,1486344,0.0
2026-04-15T17:42:42,476,True,4580,1486344,0.0
2026-04-15T17:42:43,477,True,4580,1486344,0.0
2026-04-15T17:42:44,477,True,4580,1486344,0.0
2026-04-15T17:42:45,477,True,4580,1486344,0.0
2026-04-15T17:42:46,478,True,4580,1486344,0.0
2026-04-15T17:42:47,478,True,4580,1486344,0.0
2026-04-15T17:42:48,478,True,4580,1486344,0.0
2026-04-15T17:42:49,478,True,4580,1486344,0.0
2026-04-15T17:42:50,479,True,4580,1486344,0.0
2026-04-15T17:42:51,479,True,4580,1486344,0.0
2026-04-15T17:42:52,479,True,4580,1486344,0.0
2026-04-15T17:42:53,480,True,4580,1486344,0.0
2026-04-15T17:42:54,480,True,4580,1486344,0.0
2026-04-15T17:42:55,480,True,4580,1486344,0.0
2026-04-15T17:42:56,480,True,4580,1486344,0.0
2026-04-15T17:42:57,480,True,4580,1486344,0.0
2026-04-15T17:42:58,480,True,4580,1486344,0.0
2026-04-15T17:42:59,480,True,4580,1486344,0.0
2026-04-15T17:43:00,480,True,4580,1486344,0.0
2026-04-15T17:43:01,480,True,4580,1486344,0.0
2026-04-15T17:43:02,480,True,4580,1486344,0.0
2026-04-15T17:43:03,480,True,4580,1486344,0.0
2026-04-15T17:43:04,480,True,4580,1486344,0.0
2026-04-15T17:43:05,480,True,4580,1486344,0.0
2026-04-15T17:43:06,481,True,4580,1486344,0.0
2026-04-15T17:43:07,481,True,4580,1486344,0.0
2026-04-15T17:43:08,481,True,4580,1486344,0.0
2026-04-15T17:43:09,482,True,4580,1486344,0.0
2026-04-15T17:43:10,482,True,4580,1486344,0.0
2026-04-15T17:43:11,482,True,4580,1486344,0.0
2026-04-15T17:43:12,482,True,4580,1486344,0.0
2026-04-15T17:43:13,483,True,4580,1486344,0.0
2026-04-15T17:43:14,483,True,4580,1486344,0.0
2026-04-15T17:43:15,483,True,4580,1486344,0.0
2026-04-15T17:43:16,484,True,4580,1486344,0.0
2026-04-15T17:43:17,484,True,4580,1486344,0.0
2026-04-15T17:43:18,484,True,4580,1486344,0.0
2026-04-15T17:43:19,484,True,4580,1486344,0.0
2026-04-15T17:43:20,485,True,4580,1486344,0.0
2026-04-15T17:43:21,485,True,4580,1486344,0.0
2026-04-15T17:43:22,485,True,4580,1486344,0.0
2026-04-15T17:43:23,485,True,4580,1486344,0.0
2026-04-15T17:43:24,486,True,4580,1486344,0.0
2026-04-15T17:43:25,486,True,4580,1486344,0.0
2026-04-15T17:43:26,486,True,4580,1486344,0.0
2026-04-15T17:43:27,487,True,4580,1486344,0.0
2026-04-15T17:43:28,487,True,4580,1486344,0.0
2026-04-15T17:43:29,487,True,4580,1486344,0.0
2026-04-15T17:43:30,487,True,4580,1486344,0.0
2026-04-15T17:43:31,488,True,4580,1486344,0.0
2026-04-15T17:43:32,488,True,4580,1486344,0.0
2026-04-15T17:43:33,488,True,4580,1486344,0.0
2026-04-15T17:43:34,489,True,4580,1486344,0.0
2026-04-15T17:43:35,489,True,4580,1486344,0.0
2026-04-15T17:43:36,489,True,4580,1486344,0.0
2026-04-15T17:43:37,489,True,4580,1486344,0.0
2026-04-15T17:43:38,490,True,4580,1486344,0.0
2026-04-15T17:43:39,490,True,4580,1486344,0.0
2026-04-15T17:43:40,490,True,4580,1486344,0.0
2026-04-15T17:43:41,490,True,4580,1486344,0.0
2026-04-15T17:43:42,490,True,4580,1486344,0.0
2026-04-15T17:43:43,490,True,4580,1486344,0.0
2026-04-15T17:43:44,490,True,4580,1486344,0.0
2026-04-15T17:43:45,490,True,4580,1486344,0.0
2026-04-15T17:43:46,490,True,4580,1486344,0.0
2026-04-15T17:43:47,490,True,4580,1486344,0.0
2026-04-15T17:43:48,490,True,4580,1486344,0.0
2026-04-15T17:43:49,490,True,4580,1486344,0.0
2026-04-15T17:43:50,491,True,4580,1486344,0.0
2026-04-15T17:43:51,491,True,4580,1486344,0.0
2026-04-15T17:43:52,491,True,4580,1486344,0.0
2026-04-15T17:43:53,491,True,4580,1486344,0.0
2026-04-15T17:43:54,492,True,4580,1486344,0.0
2026-04-15T17:43:55,492,True,4580,1486344,0.0
2026-04-15T17:43:56,492,True,4580,1486344,0.0
2026-04-15T17:43:57,493,True,4580,1486344,0.0
2026-04-15T17:43:58,493,True,4580,1486344,0.0
2026-04-15T17:43:59,493,True,4580,1486344,0.0
2026-04-15T17:44:00,493,True,4580,1486344,0.0
2026-04-15T17:44:01,494,True,4580,1486344,0.0
2026-04-15T17:44:02,494,True,4580,1486344,0.0
2026-04-15T17:44:03,494,True,4580,1486344,0.0
2026-04-15T17:44:04,495,True,4580,1486344,0.0
2026-04-15T17:44:05,495,True,4580,1486344,0.0
2026-04-15T17:44:06,495,True,4580,1486344,0.0
2026-04-15T17:44:07,495,True,4580,1486344,0.0
2026-04-15T17:44:08,496,True,4580,1486344,0.0
2026-04-15T17:44:09,496,True,4580,1486344,0.0
2026-04-15T17:44:10,496,True,4580,1486344,0.0
2026-04-15T17:44:11,497,True,4580,1486344,0.0
2026-04-15T17:44:12,497,True,4580,1486344,0.0
2026-04-15T17:44:13,497,True,4580,1486344,0.0
2026-04-15T17:44:14,497,True,4580,1486344,0.0
2026-04-15T17:44:15,498,True,4580,1486344,0.0
2026-04-15T17:44:16,498,True,4580,1486344,0.0
2026-04-15T17:44:17,498,True,4580,1486344,0.0
2026-04-15T17:44:18,499,True,4580,1486344,0.0
2026-04-15T17:44:19,499,True,4580,1486344,0.0
2026-04-15T17:44:20,499,True,4580,1486344,0.0
2026-04-15T17:44:21,499,True,4580,1486344,0.0
2026-04-15T17:44:22,500,True,4580,1486344,0.0
2026-04-15T17:44:23,500,True,4580,1486344,0.0
2026-04-15T17:44:24,500,True,4580,1486344,0.0
